SET SQL_MODE = "NO_AUTO_VALUE_ON_ZERO";
START TRANSACTION;
SET time_zone = "+00:00";

CREATE TABLE `doctrine_migration_versions` (
  `version` varchar(191) NOT NULL,
  `executed_at` datetime DEFAULT NULL,
  `execution_time` int(11) DEFAULT NULL
) ENGINE=InnoDB DEFAULT CHARSET=utf8mb4 COLLATE=utf8mb4_general_ci;

CREATE TABLE `symfony_demo_comment` (
  `id` int(11) NOT NULL,
  `post_id` int(11) NOT NULL,
  `author_id` int(11) NOT NULL,
  `content` longtext NOT NULL,
  `published_at` datetime NOT NULL
) ENGINE=InnoDB DEFAULT CHARSET=utf8mb4 COLLATE=utf8mb4_general_ci;

INSERT INTO `symfony_demo_comment` (`id`, `post_id`, `author_id`, `content`, `published_at`) VALUES
(1, 1, 3, 'Ut suscipit posuere justo at vulputate. Morbi tempus commodo mattis. Sunt torquises imitari velox mirabilis medicinaes. Pellentesque et sapien pulvinar consectetur. Curabitur aliquam euismod dolor non ornare. Potus sensim ad ferox abnoba. Mineralis persuadere omnes finises desiderium. Vae humani generis. Lorem ipsum dolor sit amet consectetur adipiscing elit. Sed varius a risus eget aliquam. Ut eleifend mauris et risus ultrices egestas. Teres talis saepe tractare de camerarius flavum sensorem.', '2023-08-02 23:53:54'),
(2, 1, 3, 'Nunc viverra elit ac laoreet suscipit. Ut suscipit posuere justo at vulputate. Eposs sunt solems de superbus fortis. Era brevis ratione est. Sunt torquises imitari velox mirabilis medicinaes. In hac habitasse platea dictumst. Teres talis saepe tractare de camerarius flavum sensorem. Pellentesque et sapien pulvinar consectetur. Mineralis persuadere omnes finises desiderium. Silva de secundus galatae demitto quadra. Ubi est audax amicitia. Vae humani generis.', '2023-08-02 23:53:55'),
(3, 1, 3, 'Sunt seculaes transferre talis camerarius fluctuies. Curabitur aliquam euismod dolor non ornare. In hac habitasse platea dictumst. Nulla porta lobortis ligula vel egestas. Nunc viverra elit ac laoreet suscipit. Sed varius a risus eget aliquam. Vae humani generis. Ut suscipit posuere justo at vulputate. Mineralis persuadere omnes finises desiderium.', '2023-08-02 23:53:56'),
(4, 1, 3, 'Eros diam egestas libero eu vulputate risus. Ut suscipit posuere justo at vulputate. Ubi est barbatus nix. Silva de secundus galatae demitto quadra. Sed varius a risus eget aliquam. Sunt seculaes transferre talis camerarius fluctuies. Urna nisl sollicitudin id varius orci quam id turpis. Abnobas sunt hilotaes de placidus vita. Pellentesque et sapien pulvinar consectetur.', '2023-08-02 23:53:57'),
(5, 1, 3, 'In hac habitasse platea dictumst. Eros diam egestas libero eu vulputate risus. Vae humani generis. Ubi est audax amicitia. Eposs sunt solems de superbus fortis. Mauris dapibus risus quis suscipit vulputate. Mineralis persuadere omnes finises desiderium. Pellentesque vitae velit ex. Morbi tempus commodo mattis.', '2023-08-02 23:53:58'),
(6, 2, 3, 'Era brevis ratione est. Sed varius a risus eget aliquam. Sunt seculaes transferre talis camerarius fluctuies. Mauris dapibus risus quis suscipit vulputate. Ut suscipit posuere justo at vulputate. Nulla porta lobortis ligula vel egestas. Mineralis persuadere omnes finises desiderium. Vae humani generis. Sunt accentores vitare salvus flavum parses. Ut eleifend mauris et risus ultrices egestas.', '2023-08-02 23:53:54'),
(7, 2, 3, 'Eros diam egestas libero eu vulputate risus. Potus sensim ad ferox abnoba. Ubi est audax amicitia. Sed varius a risus eget aliquam. Pellentesque et sapien pulvinar consectetur. Ubi est barbatus nix. Aliquam sodales odio id eleifend tristique. In hac habitasse platea dictumst. Sunt accentores vitare salvus flavum parses.', '2023-08-02 23:53:55'),
(8, 2, 3, 'Nulla porta lobortis ligula vel egestas. Sunt seculaes transferre talis camerarius fluctuies. Ubi est audax amicitia. Bassus fatalis classiss virtualiter transferre de flavum. Era brevis ratione est. Curabitur aliquam euismod dolor non ornare. Potus sensim ad ferox abnoba. Urna nisl sollicitudin id varius orci quam id turpis.', '2023-08-02 23:53:56'),
(9, 2, 3, 'Mineralis persuadere omnes finises desiderium. Nunc viverra elit ac laoreet suscipit. Eposs sunt solems de superbus fortis. Sunt accentores vitare salvus flavum parses. Curabitur aliquam euismod dolor non ornare. Ut suscipit posuere justo at vulputate.', '2023-08-02 23:53:57'),
(10, 2, 3, 'Mineralis persuadere omnes finises desiderium. Ubi est audax amicitia. Potus sensim ad ferox abnoba. Lorem ipsum dolor sit amet consectetur adipiscing elit. Mauris dapibus risus quis suscipit vulputate. Curabitur aliquam euismod dolor non ornare. Era brevis ratione est.', '2023-08-02 23:53:58'),
(11, 3, 3, 'Nulla porta lobortis ligula vel egestas. Sunt accentores vitare salvus flavum parses. In hac habitasse platea dictumst. Eposs sunt solems de superbus fortis. Vae humani generis. Silva de secundus galatae demitto quadra. Lorem ipsum dolor sit amet consectetur adipiscing elit. Nunc viverra elit ac laoreet suscipit. Eros diam egestas libero eu vulputate risus.', '2023-08-02 23:53:54'),
(12, 3, 3, 'Mineralis persuadere omnes finises desiderium. Ubi est barbatus nix. Eros diam egestas libero eu vulputate risus. Teres talis saepe tractare de camerarius flavum sensorem. Era brevis ratione est. Curabitur aliquam euismod dolor non ornare. Morbi tempus commodo mattis.', '2023-08-02 23:53:55'),
(13, 3, 3, 'Aliquam sodales odio id eleifend tristique. Nulla porta lobortis ligula vel egestas. Ubi est audax amicitia. Era brevis ratione est. Eros diam egestas libero eu vulputate risus. Abnobas sunt hilotaes de placidus vita. Sunt seculaes transferre talis camerarius fluctuies. Pellentesque vitae velit ex. Silva de secundus galatae demitto quadra.', '2023-08-02 23:53:56'),
(14, 3, 3, 'In hac habitasse platea dictumst. Nunc viverra elit ac laoreet suscipit. Abnobas sunt hilotaes de placidus vita. Eposs sunt solems de superbus fortis. Sunt seculaes transferre talis camerarius fluctuies. Mauris dapibus risus quis suscipit vulputate. Morbi tempus commodo mattis. Sunt torquises imitari velox mirabilis medicinaes. Bassus fatalis classiss virtualiter transferre de flavum. Era brevis ratione est. Lorem ipsum dolor sit amet consectetur adipiscing elit.', '2023-08-02 23:53:57'),
(15, 3, 3, 'Mineralis persuadere omnes finises desiderium. Sunt accentores vitare salvus flavum parses. Aliquam sodales odio id eleifend tristique. Vae humani generis. Pellentesque vitae velit ex. Eros diam egestas libero eu vulputate risus. Ubi est barbatus nix. Sunt seculaes transferre talis camerarius fluctuies. Ut eleifend mauris et risus ultrices egestas. Diatrias tolerare tanquam noster caesium.', '2023-08-02 23:53:58'),
(16, 4, 3, 'Ut eleifend mauris et risus ultrices egestas. Mauris dapibus risus quis suscipit vulputate. Pellentesque et sapien pulvinar consectetur. Nunc viverra elit ac laoreet suscipit. Silva de secundus galatae demitto quadra. Teres talis saepe tractare de camerarius flavum sensorem. Era brevis ratione est.', '2023-08-02 23:53:54'),
(17, 4, 3, 'Morbi tempus commodo mattis. Curabitur aliquam euismod dolor non ornare. Eposs sunt solems de superbus fortis. Nulla porta lobortis ligula vel egestas. Pellentesque vitae velit ex. Vae humani generis. Ubi est barbatus nix. Silva de secundus galatae demitto quadra. Sunt torquises imitari velox mirabilis medicinaes. Potus sensim ad ferox abnoba. Sed varius a risus eget aliquam.', '2023-08-02 23:53:55'),
(18, 4, 3, 'Teres talis saepe tractare de camerarius flavum sensorem. Nunc viverra elit ac laoreet suscipit. Potus sensim ad ferox abnoba. Aliquam sodales odio id eleifend tristique. Morbi tempus commodo mattis. Sunt seculaes transferre talis camerarius fluctuies. Abnobas sunt hilotaes de placidus vita. Pellentesque vitae velit ex. Sunt accentores vitare salvus flavum parses. Eposs sunt solems de superbus fortis. Era brevis ratione est. In hac habitasse platea dictumst. Ubi est barbatus nix.', '2023-08-02 23:53:56'),
(19, 4, 3, 'Ut suscipit posuere justo at vulputate. Teres talis saepe tractare de camerarius flavum sensorem. Mineralis persuadere omnes finises desiderium. Sed varius a risus eget aliquam. Era brevis ratione est. Eposs sunt solems de superbus fortis. Potus sensim ad ferox abnoba. Mauris dapibus risus quis suscipit vulputate. Vae humani generis. Morbi tempus commodo mattis.', '2023-08-02 23:53:57'),
(20, 4, 3, 'Curabitur aliquam euismod dolor non ornare. Sed varius a risus eget aliquam. Urna nisl sollicitudin id varius orci quam id turpis. Sunt accentores vitare salvus flavum parses. Ut suscipit posuere justo at vulputate. Pellentesque vitae velit ex. Eros diam egestas libero eu vulputate risus. Silva de secundus galatae demitto quadra. Potus sensim ad ferox abnoba. Lorem ipsum dolor sit amet consectetur adipiscing elit. Era brevis ratione est.', '2023-08-02 23:53:58'),
(21, 5, 3, 'Silva de secundus galatae demitto quadra. Diatrias tolerare tanquam noster caesium. Eposs sunt solems de superbus fortis. Sed varius a risus eget aliquam. Teres talis saepe tractare de camerarius flavum sensorem. Ut suscipit posuere justo at vulputate. Urna nisl sollicitudin id varius orci quam id turpis. In hac habitasse platea dictumst. Nulla porta lobortis ligula vel egestas.', '2023-08-02 23:53:54'),
(22, 5, 3, 'Mauris dapibus risus quis suscipit vulputate. Era brevis ratione est. Ut eleifend mauris et risus ultrices egestas. Pellentesque et sapien pulvinar consectetur. Lorem ipsum dolor sit amet consectetur adipiscing elit. Eros diam egestas libero eu vulputate risus.', '2023-08-02 23:53:55'),
(23, 5, 3, 'Potus sensim ad ferox abnoba. Nulla porta lobortis ligula vel egestas. Morbi tempus commodo mattis. Mauris dapibus risus quis suscipit vulputate. Ut eleifend mauris et risus ultrices egestas. Mineralis persuadere omnes finises desiderium. Pellentesque et sapien pulvinar consectetur. Aliquam sodales odio id eleifend tristique. Sunt torquises imitari velox mirabilis medicinaes. Bassus fatalis classiss virtualiter transferre de flavum. Sunt seculaes transferre talis camerarius fluctuies.', '2023-08-02 23:53:56'),
(24, 5, 3, 'Curabitur aliquam euismod dolor non ornare. Aliquam sodales odio id eleifend tristique. Vae humani generis. Ubi est barbatus nix. Ut eleifend mauris et risus ultrices egestas. Diatrias tolerare tanquam noster caesium. Mineralis persuadere omnes finises desiderium.', '2023-08-02 23:53:57'),
(25, 5, 3, 'Era brevis ratione est. Aliquam sodales odio id eleifend tristique. Ut eleifend mauris et risus ultrices egestas. Vae humani generis. Pellentesque et sapien pulvinar consectetur. In hac habitasse platea dictumst. Eros diam egestas libero eu vulputate risus. Nulla porta lobortis ligula vel egestas. Sed varius a risus eget aliquam. Bassus fatalis classiss virtualiter transferre de flavum. Lorem ipsum dolor sit amet consectetur adipiscing elit.', '2023-08-02 23:53:58'),
(26, 6, 3, 'Ut eleifend mauris et risus ultrices egestas. Era brevis ratione est. Mauris dapibus risus quis suscipit vulputate. Nunc viverra elit ac laoreet suscipit. Eros diam egestas libero eu vulputate risus. Mineralis persuadere omnes finises desiderium. In hac habitasse platea dictumst. Ubi est barbatus nix. Sunt accentores vitare salvus flavum parses. Curabitur aliquam euismod dolor non ornare. Diatrias tolerare tanquam noster caesium. Abnobas sunt hilotaes de placidus vita.', '2023-08-02 23:53:54'),
(27, 6, 3, 'Vae humani generis. Pellentesque et sapien pulvinar consectetur. Bassus fatalis classiss virtualiter transferre de flavum. Mineralis persuadere omnes finises desiderium. Ubi est barbatus nix. Pellentesque vitae velit ex. Mauris dapibus risus quis suscipit vulputate. Diatrias tolerare tanquam noster caesium. Sunt seculaes transferre talis camerarius fluctuies. Abnobas sunt hilotaes de placidus vita. Sed varius a risus eget aliquam. Morbi tempus commodo mattis.', '2023-08-02 23:53:55'),
(28, 6, 3, 'Ut eleifend mauris et risus ultrices egestas. Curabitur aliquam euismod dolor non ornare. Ubi est audax amicitia. Sunt accentores vitare salvus flavum parses. Abnobas sunt hilotaes de placidus vita. Ut suscipit posuere justo at vulputate.', '2023-08-02 23:53:56'),
(29, 6, 3, 'Morbi tempus commodo mattis. Sunt seculaes transferre talis camerarius fluctuies. Bassus fatalis classiss virtualiter transferre de flavum. Ut eleifend mauris et risus ultrices egestas. Nulla porta lobortis ligula vel egestas. Sed varius a risus eget aliquam. Urna nisl sollicitudin id varius orci quam id turpis. Potus sensim ad ferox abnoba. Era brevis ratione est. Aliquam sodales odio id eleifend tristique. Ut suscipit posuere justo at vulputate.', '2023-08-02 23:53:57'),
(30, 6, 3, 'Era brevis ratione est. Sed varius a risus eget aliquam. Nunc viverra elit ac laoreet suscipit. In hac habitasse platea dictumst. Lorem ipsum dolor sit amet consectetur adipiscing elit. Ut eleifend mauris et risus ultrices egestas. Mauris dapibus risus quis suscipit vulputate.', '2023-08-02 23:53:58'),
(31, 7, 3, 'Teres talis saepe tractare de camerarius flavum sensorem. Morbi tempus commodo mattis. Mineralis persuadere omnes finises desiderium. Aliquam sodales odio id eleifend tristique. Pellentesque et sapien pulvinar consectetur. Mauris dapibus risus quis suscipit vulputate. Abnobas sunt hilotaes de placidus vita. Pellentesque vitae velit ex. Curabitur aliquam euismod dolor non ornare. Lorem ipsum dolor sit amet consectetur adipiscing elit. Sed varius a risus eget aliquam.', '2023-08-02 23:53:54'),
(32, 7, 3, 'Ubi est barbatus nix. Sunt torquises imitari velox mirabilis medicinaes. Ubi est audax amicitia. Potus sensim ad ferox abnoba. Pellentesque vitae velit ex. Eros diam egestas libero eu vulputate risus. Silva de secundus galatae demitto quadra. Ut eleifend mauris et risus ultrices egestas. Sed varius a risus eget aliquam.', '2023-08-02 23:53:55'),
(33, 7, 3, 'Diatrias tolerare tanquam noster caesium. Ubi est audax amicitia. Sunt accentores vitare salvus flavum parses. Sunt seculaes transferre talis camerarius fluctuies. Nunc viverra elit ac laoreet suscipit. Sed varius a risus eget aliquam. Eros diam egestas libero eu vulputate risus. Ut suscipit posuere justo at vulputate. Teres talis saepe tractare de camerarius flavum sensorem. Ubi est barbatus nix. Mauris dapibus risus quis suscipit vulputate.', '2023-08-02 23:53:56'),
(34, 7, 3, 'Pellentesque et sapien pulvinar consectetur. In hac habitasse platea dictumst. Silva de secundus galatae demitto quadra. Nulla porta lobortis ligula vel egestas. Curabitur aliquam euismod dolor non ornare. Abnobas sunt hilotaes de placidus vita. Ubi est audax amicitia. Mineralis persuadere omnes finises desiderium. Ut eleifend mauris et risus ultrices egestas. Urna nisl sollicitudin id varius orci quam id turpis.', '2023-08-02 23:53:57'),
(35, 7, 3, 'Ubi est audax amicitia. Sed varius a risus eget aliquam. Vae humani generis. Teres talis saepe tractare de camerarius flavum sensorem. Sunt accentores vitare salvus flavum parses. Mauris dapibus risus quis suscipit vulputate. Ut suscipit posuere justo at vulputate.', '2023-08-02 23:53:58'),
(36, 8, 3, 'Potus sensim ad ferox abnoba. Ut suscipit posuere justo at vulputate. Pellentesque vitae velit ex. Lorem ipsum dolor sit amet consectetur adipiscing elit. Mineralis persuadere omnes finises desiderium. Ut eleifend mauris et risus ultrices egestas. Nulla porta lobortis ligula vel egestas. Sunt seculaes transferre talis camerarius fluctuies.', '2023-08-02 23:53:54'),
(37, 8, 3, 'Mauris dapibus risus quis suscipit vulputate. Aliquam sodales odio id eleifend tristique. Ubi est audax amicitia. Sunt seculaes transferre talis camerarius fluctuies. Lorem ipsum dolor sit amet consectetur adipiscing elit. Potus sensim ad ferox abnoba.', '2023-08-02 23:53:55'),
(38, 8, 3, 'Sunt torquises imitari velox mirabilis medicinaes. Sed varius a risus eget aliquam. Morbi tempus commodo mattis. Mauris dapibus risus quis suscipit vulputate. Urna nisl sollicitudin id varius orci quam id turpis. Ubi est barbatus nix.', '2023-08-02 23:53:56'),
(39, 8, 3, 'Urna nisl sollicitudin id varius orci quam id turpis. Eposs sunt solems de superbus fortis. Lorem ipsum dolor sit amet consectetur adipiscing elit. Teres talis saepe tractare de camerarius flavum sensorem. Ubi est barbatus nix. Ut eleifend mauris et risus ultrices egestas. Aliquam sodales odio id eleifend tristique. Diatrias tolerare tanquam noster caesium. Potus sensim ad ferox abnoba. Sunt accentores vitare salvus flavum parses. Sed varius a risus eget aliquam.', '2023-08-02 23:53:57'),
(40, 8, 3, 'Mauris dapibus risus quis suscipit vulputate. Ubi est audax amicitia. Urna nisl sollicitudin id varius orci quam id turpis. Potus sensim ad ferox abnoba. Eros diam egestas libero eu vulputate risus. Vae humani generis. Pellentesque et sapien pulvinar consectetur. Bassus fatalis classiss virtualiter transferre de flavum. Teres talis saepe tractare de camerarius flavum sensorem. Abnobas sunt hilotaes de placidus vita. Nunc viverra elit ac laoreet suscipit.', '2023-08-02 23:53:58'),
(41, 9, 3, 'Sunt seculaes transferre talis camerarius fluctuies. Bassus fatalis classiss virtualiter transferre de flavum. Silva de secundus galatae demitto quadra. Morbi tempus commodo mattis. Mineralis persuadere omnes finises desiderium. Eros diam egestas libero eu vulputate risus.', '2023-08-02 23:53:54'),
(42, 9, 3, 'Potus sensim ad ferox abnoba. Lorem ipsum dolor sit amet consectetur adipiscing elit. Mauris dapibus risus quis suscipit vulputate. Urna nisl sollicitudin id varius orci quam id turpis. Nulla porta lobortis ligula vel egestas. Ubi est barbatus nix. In hac habitasse platea dictumst. Era brevis ratione est.', '2023-08-02 23:53:55'),
(43, 9, 3, 'Pellentesque et sapien pulvinar consectetur. Pellentesque vitae velit ex. Nunc viverra elit ac laoreet suscipit. Eros diam egestas libero eu vulputate risus. Bassus fatalis classiss virtualiter transferre de flavum. Abnobas sunt hilotaes de placidus vita. Ubi est barbatus nix. Sed varius a risus eget aliquam. Ut eleifend mauris et risus ultrices egestas. Ubi est audax amicitia. Vae humani generis.', '2023-08-02 23:53:56'),
(44, 9, 3, 'Pellentesque vitae velit ex. Bassus fatalis classiss virtualiter transferre de flavum. Nulla porta lobortis ligula vel egestas. Curabitur aliquam euismod dolor non ornare. Mauris dapibus risus quis suscipit vulputate. Sunt accentores vitare salvus flavum parses. Aliquam sodales odio id eleifend tristique. Vae humani generis. In hac habitasse platea dictumst. Pellentesque et sapien pulvinar consectetur. Mineralis persuadere omnes finises desiderium.', '2023-08-02 23:53:57'),
(45, 9, 3, 'Curabitur aliquam euismod dolor non ornare. Ut eleifend mauris et risus ultrices egestas. Eposs sunt solems de superbus fortis. Sunt seculaes transferre talis camerarius fluctuies. Mauris dapibus risus quis suscipit vulputate. Vae humani generis. Era brevis ratione est. Silva de secundus galatae demitto quadra. Ubi est audax amicitia.', '2023-08-02 23:53:58'),
(46, 10, 3, 'Teres talis saepe tractare de camerarius flavum sensorem. Nulla porta lobortis ligula vel egestas. Ut eleifend mauris et risus ultrices egestas. Morbi tempus commodo mattis. Ubi est barbatus nix. Bassus fatalis classiss virtualiter transferre de flavum. Silva de secundus galatae demitto quadra. Sed varius a risus eget aliquam. Mineralis persuadere omnes finises desiderium.', '2023-08-02 23:53:54'),
(47, 10, 3, 'Curabitur aliquam euismod dolor non ornare. Mauris dapibus risus quis suscipit vulputate. Pellentesque et sapien pulvinar consectetur. Nunc viverra elit ac laoreet suscipit. Eros diam egestas libero eu vulputate risus. Sunt seculaes transferre talis camerarius fluctuies.', '2023-08-02 23:53:55'),
(48, 10, 3, 'Sed varius a risus eget aliquam. Bassus fatalis classiss virtualiter transferre de flavum. Aliquam sodales odio id eleifend tristique. Abnobas sunt hilotaes de placidus vita. Sunt torquises imitari velox mirabilis medicinaes. Silva de secundus galatae demitto quadra. Lorem ipsum dolor sit amet consectetur adipiscing elit. Era brevis ratione est. Vae humani generis.', '2023-08-02 23:53:56'),
(49, 10, 3, 'Lorem ipsum dolor sit amet consectetur adipiscing elit. Pellentesque vitae velit ex. Eposs sunt solems de superbus fortis. Ubi est audax amicitia. Mauris dapibus risus quis suscipit vulputate. Ubi est barbatus nix. Nulla porta lobortis ligula vel egestas. Era brevis ratione est. Morbi tempus commodo mattis. Aliquam sodales odio id eleifend tristique. Ut eleifend mauris et risus ultrices egestas. Urna nisl sollicitudin id varius orci quam id turpis.', '2023-08-02 23:53:57'),
(50, 10, 3, 'Pellentesque et sapien pulvinar consectetur. Mauris dapibus risus quis suscipit vulputate. Bassus fatalis classiss virtualiter transferre de flavum. Ubi est barbatus nix. Aliquam sodales odio id eleifend tristique. Sunt accentores vitare salvus flavum parses. Curabitur aliquam euismod dolor non ornare. Ubi est audax amicitia. Ut eleifend mauris et risus ultrices egestas. Silva de secundus galatae demitto quadra. Diatrias tolerare tanquam noster caesium.', '2023-08-02 23:53:58'),
(51, 11, 3, 'Diatrias tolerare tanquam noster caesium. Mineralis persuadere omnes finises desiderium. Potus sensim ad ferox abnoba. Eros diam egestas libero eu vulputate risus. Aliquam sodales odio id eleifend tristique. Ubi est audax amicitia. Ut eleifend mauris et risus ultrices egestas.', '2023-08-02 23:53:54'),
(52, 11, 3, 'Lorem ipsum dolor sit amet consectetur adipiscing elit. Ut eleifend mauris et risus ultrices egestas. Sunt accentores vitare salvus flavum parses. Morbi tempus commodo mattis. Potus sensim ad ferox abnoba. Urna nisl sollicitudin id varius orci quam id turpis. Pellentesque vitae velit ex. Sed varius a risus eget aliquam. Era brevis ratione est. Nunc viverra elit ac laoreet suscipit. Curabitur aliquam euismod dolor non ornare. Ut suscipit posuere justo at vulputate.', '2023-08-02 23:53:55'),
(53, 11, 3, 'Ut eleifend mauris et risus ultrices egestas. Lorem ipsum dolor sit amet consectetur adipiscing elit. Aliquam sodales odio id eleifend tristique. Pellentesque vitae velit ex. Sunt torquises imitari velox mirabilis medicinaes. Teres talis saepe tractare de camerarius flavum sensorem. Urna nisl sollicitudin id varius orci quam id turpis. In hac habitasse platea dictumst.', '2023-08-02 23:53:56'),
(54, 11, 3, 'Eros diam egestas libero eu vulputate risus. Sunt seculaes transferre talis camerarius fluctuies. Sed varius a risus eget aliquam. Mineralis persuadere omnes finises desiderium. Pellentesque vitae velit ex. Nulla porta lobortis ligula vel egestas. Abnobas sunt hilotaes de placidus vita. Vae humani generis. Silva de secundus galatae demitto quadra. Nunc viverra elit ac laoreet suscipit.', '2023-08-02 23:53:57'),
(55, 11, 3, 'In hac habitasse platea dictumst. Vae humani generis. Sed varius a risus eget aliquam. Bassus fatalis classiss virtualiter transferre de flavum. Mineralis persuadere omnes finises desiderium. Potus sensim ad ferox abnoba. Eros diam egestas libero eu vulputate risus. Ut suscipit posuere justo at vulputate. Ubi est audax amicitia.', '2023-08-02 23:53:58'),
(56, 12, 3, 'In hac habitasse platea dictumst. Mineralis persuadere omnes finises desiderium. Nunc viverra elit ac laoreet suscipit. Sunt seculaes transferre talis camerarius fluctuies. Vae humani generis. Ubi est audax amicitia. Diatrias tolerare tanquam noster caesium. Lorem ipsum dolor sit amet consectetur adipiscing elit. Era brevis ratione est. Morbi tempus commodo mattis. Ubi est barbatus nix. Abnobas sunt hilotaes de placidus vita. Pellentesque vitae velit ex.', '2023-08-02 23:53:54'),
(57, 12, 3, 'Abnobas sunt hilotaes de placidus vita. Nulla porta lobortis ligula vel egestas. Lorem ipsum dolor sit amet consectetur adipiscing elit. Sunt accentores vitare salvus flavum parses. Silva de secundus galatae demitto quadra. Vae humani generis. Eposs sunt solems de superbus fortis. Era brevis ratione est. Urna nisl sollicitudin id varius orci quam id turpis.', '2023-08-02 23:53:55'),
(58, 12, 3, 'Ut eleifend mauris et risus ultrices egestas. Nulla porta lobortis ligula vel egestas. Lorem ipsum dolor sit amet consectetur adipiscing elit. Morbi tempus commodo mattis. Pellentesque et sapien pulvinar consectetur. Diatrias tolerare tanquam noster caesium. Teres talis saepe tractare de camerarius flavum sensorem.', '2023-08-02 23:53:56'),
(59, 12, 3, 'Ut suscipit posuere justo at vulputate. Sunt seculaes transferre talis camerarius fluctuies. Morbi tempus commodo mattis. Aliquam sodales odio id eleifend tristique. Abnobas sunt hilotaes de placidus vita. Urna nisl sollicitudin id varius orci quam id turpis.', '2023-08-02 23:53:57'),
(60, 12, 3, 'In hac habitasse platea dictumst. Ut eleifend mauris et risus ultrices egestas. Ut suscipit posuere justo at vulputate. Silva de secundus galatae demitto quadra. Sed varius a risus eget aliquam. Sunt torquises imitari velox mirabilis medicinaes.', '2023-08-02 23:53:58'),
(61, 13, 3, 'Ut suscipit posuere justo at vulputate. Potus sensim ad ferox abnoba. Ubi est barbatus nix. Nunc viverra elit ac laoreet suscipit. Aliquam sodales odio id eleifend tristique. Nulla porta lobortis ligula vel egestas. Sunt seculaes transferre talis camerarius fluctuies. Pellentesque vitae velit ex. Mineralis persuadere omnes finises desiderium. Pellentesque et sapien pulvinar consectetur.', '2023-08-02 23:53:54'),
(62, 13, 3, 'Mauris dapibus risus quis suscipit vulputate. Ubi est barbatus nix. Lorem ipsum dolor sit amet consectetur adipiscing elit. Vae humani generis. Mineralis persuadere omnes finises desiderium. Sunt torquises imitari velox mirabilis medicinaes. Era brevis ratione est. Eros diam egestas libero eu vulputate risus. Abnobas sunt hilotaes de placidus vita. Morbi tempus commodo mattis.', '2023-08-02 23:53:55'),
(63, 13, 3, 'Sunt accentores vitare salvus flavum parses. Ubi est audax amicitia. Morbi tempus commodo mattis. Ut eleifend mauris et risus ultrices egestas. Nunc viverra elit ac laoreet suscipit. Mineralis persuadere omnes finises desiderium. Eros diam egestas libero eu vulputate risus. Ubi est barbatus nix. Aliquam sodales odio id eleifend tristique. Potus sensim ad ferox abnoba. Sed varius a risus eget aliquam.', '2023-08-02 23:53:56'),
(64, 13, 3, 'Bassus fatalis classiss virtualiter transferre de flavum. Vae humani generis. Ut eleifend mauris et risus ultrices egestas. Curabitur aliquam euismod dolor non ornare. Sunt torquises imitari velox mirabilis medicinaes. Nulla porta lobortis ligula vel egestas. Mineralis persuadere omnes finises desiderium. Ut suscipit posuere justo at vulputate. Potus sensim ad ferox abnoba. Silva de secundus galatae demitto quadra.', '2023-08-02 23:53:57'),
(65, 13, 3, 'In hac habitasse platea dictumst. Abnobas sunt hilotaes de placidus vita. Ut suscipit posuere justo at vulputate. Sed varius a risus eget aliquam. Urna nisl sollicitudin id varius orci quam id turpis. Nulla porta lobortis ligula vel egestas. Bassus fatalis classiss virtualiter transferre de flavum.', '2023-08-02 23:53:58'),
(66, 14, 3, 'Lorem ipsum dolor sit amet consectetur adipiscing elit. Era brevis ratione est. Diatrias tolerare tanquam noster caesium. Morbi tempus commodo mattis. Sed varius a risus eget aliquam. Eposs sunt solems de superbus fortis. Aliquam sodales odio id eleifend tristique. Nunc viverra elit ac laoreet suscipit. Bassus fatalis classiss virtualiter transferre de flavum. Nulla porta lobortis ligula vel egestas. Potus sensim ad ferox abnoba. Mineralis persuadere omnes finises desiderium.', '2023-08-02 23:53:54'),
(67, 14, 3, 'Sunt seculaes transferre talis camerarius fluctuies. Pellentesque et sapien pulvinar consectetur. Mineralis persuadere omnes finises desiderium. Urna nisl sollicitudin id varius orci quam id turpis. Morbi tempus commodo mattis. Eros diam egestas libero eu vulputate risus. Diatrias tolerare tanquam noster caesium. Potus sensim ad ferox abnoba. Ubi est audax amicitia.', '2023-08-02 23:53:55'),
(68, 14, 3, 'Potus sensim ad ferox abnoba. Nulla porta lobortis ligula vel egestas. Eros diam egestas libero eu vulputate risus. Ubi est barbatus nix. Ut suscipit posuere justo at vulputate. Sunt accentores vitare salvus flavum parses. Vae humani generis. Sunt seculaes transferre talis camerarius fluctuies. Curabitur aliquam euismod dolor non ornare. Diatrias tolerare tanquam noster caesium.', '2023-08-02 23:53:56'),
(69, 14, 3, 'Ubi est barbatus nix. Ut suscipit posuere justo at vulputate. Sunt seculaes transferre talis camerarius fluctuies. Silva de secundus galatae demitto quadra. Aliquam sodales odio id eleifend tristique. Nunc viverra elit ac laoreet suscipit. Abnobas sunt hilotaes de placidus vita. Pellentesque vitae velit ex.', '2023-08-02 23:53:57'),
(70, 14, 3, 'Sunt accentores vitare salvus flavum parses. Diatrias tolerare tanquam noster caesium. Eros diam egestas libero eu vulputate risus. Ut eleifend mauris et risus ultrices egestas. Sed varius a risus eget aliquam. Ut suscipit posuere justo at vulputate. Potus sensim ad ferox abnoba. Abnobas sunt hilotaes de placidus vita. Ubi est audax amicitia. Aliquam sodales odio id eleifend tristique.', '2023-08-02 23:53:58'),
(71, 15, 3, 'Sed varius a risus eget aliquam. Aliquam sodales odio id eleifend tristique. Nulla porta lobortis ligula vel egestas. In hac habitasse platea dictumst. Eposs sunt solems de superbus fortis. Lorem ipsum dolor sit amet consectetur adipiscing elit. Bassus fatalis classiss virtualiter transferre de flavum. Diatrias tolerare tanquam noster caesium.', '2023-08-02 23:53:54'),
(72, 15, 3, 'Eros diam egestas libero eu vulputate risus. Eposs sunt solems de superbus fortis. Bassus fatalis classiss virtualiter transferre de flavum. Ubi est barbatus nix. Ut suscipit posuere justo at vulputate. Morbi tempus commodo mattis. Potus sensim ad ferox abnoba. Urna nisl sollicitudin id varius orci quam id turpis. Ut eleifend mauris et risus ultrices egestas.', '2023-08-02 23:53:55'),
(73, 15, 3, 'Eposs sunt solems de superbus fortis. Mineralis persuadere omnes finises desiderium. Lorem ipsum dolor sit amet consectetur adipiscing elit. Potus sensim ad ferox abnoba. Sunt torquises imitari velox mirabilis medicinaes. Urna nisl sollicitudin id varius orci quam id turpis. Nulla porta lobortis ligula vel egestas. Morbi tempus commodo mattis.', '2023-08-02 23:53:56'),
(74, 15, 3, 'Sunt seculaes transferre talis camerarius fluctuies. Pellentesque vitae velit ex. Mineralis persuadere omnes finises desiderium. Urna nisl sollicitudin id varius orci quam id turpis. Ut suscipit posuere justo at vulputate. Sed varius a risus eget aliquam. In hac habitasse platea dictumst. Sunt accentores vitare salvus flavum parses. Bassus fatalis classiss virtualiter transferre de flavum.', '2023-08-02 23:53:57'),
(75, 15, 3, 'Curabitur aliquam euismod dolor non ornare. Nunc viverra elit ac laoreet suscipit. Ut eleifend mauris et risus ultrices egestas. Vae humani generis. Morbi tempus commodo mattis. Nulla porta lobortis ligula vel egestas. Aliquam sodales odio id eleifend tristique. Sed varius a risus eget aliquam.', '2023-08-02 23:53:58'),
(76, 16, 3, 'Sunt seculaes transferre talis camerarius fluctuies. Ubi est audax amicitia. In hac habitasse platea dictumst. Abnobas sunt hilotaes de placidus vita. Mauris dapibus risus quis suscipit vulputate. Curabitur aliquam euismod dolor non ornare. Diatrias tolerare tanquam noster caesium. Era brevis ratione est. Urna nisl sollicitudin id varius orci quam id turpis. Mineralis persuadere omnes finises desiderium.', '2023-08-02 23:53:54'),
(77, 16, 3, 'Sunt accentores vitare salvus flavum parses. Ut eleifend mauris et risus ultrices egestas. Vae humani generis. Lorem ipsum dolor sit amet consectetur adipiscing elit. Sunt seculaes transferre talis camerarius fluctuies. In hac habitasse platea dictumst. Mauris dapibus risus quis suscipit vulputate. Morbi tempus commodo mattis. Silva de secundus galatae demitto quadra. Curabitur aliquam euismod dolor non ornare. Nulla porta lobortis ligula vel egestas.', '2023-08-02 23:53:55'),
(78, 16, 3, 'Eros diam egestas libero eu vulputate risus. Bassus fatalis classiss virtualiter transferre de flavum. Ut suscipit posuere justo at vulputate. Sunt seculaes transferre talis camerarius fluctuies. Aliquam sodales odio id eleifend tristique. Ubi est barbatus nix. Pellentesque et sapien pulvinar consectetur. Curabitur aliquam euismod dolor non ornare. Silva de secundus galatae demitto quadra. Vae humani generis. Abnobas sunt hilotaes de placidus vita.', '2023-08-02 23:53:56'),
(79, 16, 3, 'Sunt seculaes transferre talis camerarius fluctuies. Sunt torquises imitari velox mirabilis medicinaes. Ubi est audax amicitia. Vae humani generis. Aliquam sodales odio id eleifend tristique. Urna nisl sollicitudin id varius orci quam id turpis. Mineralis persuadere omnes finises desiderium.', '2023-08-02 23:53:57'),
(80, 16, 3, 'Mineralis persuadere omnes finises desiderium. Nunc viverra elit ac laoreet suscipit. Diatrias tolerare tanquam noster caesium. Abnobas sunt hilotaes de placidus vita. Curabitur aliquam euismod dolor non ornare. Nulla porta lobortis ligula vel egestas.', '2023-08-02 23:53:58'),
(81, 17, 3, 'Nulla porta lobortis ligula vel egestas. Era brevis ratione est. Lorem ipsum dolor sit amet consectetur adipiscing elit. Mauris dapibus risus quis suscipit vulputate. Sunt torquises imitari velox mirabilis medicinaes. Bassus fatalis classiss virtualiter transferre de flavum. In hac habitasse platea dictumst.', '2023-08-02 23:53:54'),
(82, 17, 3, 'Pellentesque et sapien pulvinar consectetur. Sed varius a risus eget aliquam. Sunt torquises imitari velox mirabilis medicinaes. Mauris dapibus risus quis suscipit vulputate. Ubi est audax amicitia. Abnobas sunt hilotaes de placidus vita. Lorem ipsum dolor sit amet consectetur adipiscing elit. Eros diam egestas libero eu vulputate risus. Bassus fatalis classiss virtualiter transferre de flavum.', '2023-08-02 23:53:55'),
(83, 17, 3, 'Eposs sunt solems de superbus fortis. Pellentesque et sapien pulvinar consectetur. Ut eleifend mauris et risus ultrices egestas. Era brevis ratione est. Silva de secundus galatae demitto quadra. Bassus fatalis classiss virtualiter transferre de flavum. Ut suscipit posuere justo at vulputate. Vae humani generis. Sunt accentores vitare salvus flavum parses. In hac habitasse platea dictumst. Sed varius a risus eget aliquam. Diatrias tolerare tanquam noster caesium.', '2023-08-02 23:53:56'),
(84, 17, 3, 'Mineralis persuadere omnes finises desiderium. Abnobas sunt hilotaes de placidus vita. In hac habitasse platea dictumst. Sunt accentores vitare salvus flavum parses. Pellentesque vitae velit ex. Ut eleifend mauris et risus ultrices egestas. Silva de secundus galatae demitto quadra. Ubi est audax amicitia. Teres talis saepe tractare de camerarius flavum sensorem.', '2023-08-02 23:53:57'),
(85, 17, 3, 'Ut suscipit posuere justo at vulputate. Lorem ipsum dolor sit amet consectetur adipiscing elit. Era brevis ratione est. Sed varius a risus eget aliquam. Ut eleifend mauris et risus ultrices egestas. Morbi tempus commodo mattis. Ubi est barbatus nix. Curabitur aliquam euismod dolor non ornare. Eros diam egestas libero eu vulputate risus. Mauris dapibus risus quis suscipit vulputate. In hac habitasse platea dictumst.', '2023-08-02 23:53:58'),
(86, 18, 3, 'Pellentesque et sapien pulvinar consectetur. Eros diam egestas libero eu vulputate risus. Curabitur aliquam euismod dolor non ornare. Ubi est audax amicitia. Era brevis ratione est. Ut eleifend mauris et risus ultrices egestas. Bassus fatalis classiss virtualiter transferre de flavum. Mineralis persuadere omnes finises desiderium. Morbi tempus commodo mattis.', '2023-08-02 23:53:54'),
(87, 18, 3, 'Potus sensim ad ferox abnoba. Urna nisl sollicitudin id varius orci quam id turpis. Eros diam egestas libero eu vulputate risus. Sunt accentores vitare salvus flavum parses. Sunt seculaes transferre talis camerarius fluctuies. Era brevis ratione est. Mauris dapibus risus quis suscipit vulputate. Ubi est audax amicitia. Vae humani generis. Morbi tempus commodo mattis.', '2023-08-02 23:53:55'),
(88, 18, 3, 'Mineralis persuadere omnes finises desiderium. Pellentesque et sapien pulvinar consectetur. Curabitur aliquam euismod dolor non ornare. Sunt torquises imitari velox mirabilis medicinaes. Sunt accentores vitare salvus flavum parses. Mauris dapibus risus quis suscipit vulputate. Ut suscipit posuere justo at vulputate.', '2023-08-02 23:53:56'),
(89, 18, 3, 'Sunt seculaes transferre talis camerarius fluctuies. Ut eleifend mauris et risus ultrices egestas. Silva de secundus galatae demitto quadra. Curabitur aliquam euismod dolor non ornare. Ubi est audax amicitia. Aliquam sodales odio id eleifend tristique. Potus sensim ad ferox abnoba. Nulla porta lobortis ligula vel egestas. Diatrias tolerare tanquam noster caesium.', '2023-08-02 23:53:57'),
(90, 18, 3, 'Mauris dapibus risus quis suscipit vulputate. Vae humani generis. Nulla porta lobortis ligula vel egestas. In hac habitasse platea dictumst. Morbi tempus commodo mattis. Silva de secundus galatae demitto quadra. Mineralis persuadere omnes finises desiderium. Ut eleifend mauris et risus ultrices egestas. Curabitur aliquam euismod dolor non ornare.', '2023-08-02 23:53:58'),
(91, 19, 3, 'Mineralis persuadere omnes finises desiderium. Mauris dapibus risus quis suscipit vulputate. Sunt seculaes transferre talis camerarius fluctuies. Teres talis saepe tractare de camerarius flavum sensorem. Ubi est barbatus nix. Silva de secundus galatae demitto quadra.', '2023-08-02 23:53:54'),
(92, 19, 3, 'Vae humani generis. Morbi tempus commodo mattis. Potus sensim ad ferox abnoba. Bassus fatalis classiss virtualiter transferre de flavum. Sunt torquises imitari velox mirabilis medicinaes. Teres talis saepe tractare de camerarius flavum sensorem. Nulla porta lobortis ligula vel egestas. Nunc viverra elit ac laoreet suscipit. Diatrias tolerare tanquam noster caesium. Mauris dapibus risus quis suscipit vulputate.', '2023-08-02 23:53:55'),
(93, 19, 3, 'Urna nisl sollicitudin id varius orci quam id turpis. Sunt seculaes transferre talis camerarius fluctuies. Ut suscipit posuere justo at vulputate. Morbi tempus commodo mattis. Eposs sunt solems de superbus fortis. Silva de secundus galatae demitto quadra. Potus sensim ad ferox abnoba. Diatrias tolerare tanquam noster caesium.', '2023-08-02 23:53:56'),
(94, 19, 3, 'Mineralis persuadere omnes finises desiderium. Eposs sunt solems de superbus fortis. Silva de secundus galatae demitto quadra. Era brevis ratione est. Ubi est audax amicitia. Sunt accentores vitare salvus flavum parses. Nunc viverra elit ac laoreet suscipit.', '2023-08-02 23:53:57'),
(95, 19, 3, 'Bassus fatalis classiss virtualiter transferre de flavum. Ut eleifend mauris et risus ultrices egestas. Lorem ipsum dolor sit amet consectetur adipiscing elit. In hac habitasse platea dictumst. Morbi tempus commodo mattis. Pellentesque et sapien pulvinar consectetur. Diatrias tolerare tanquam noster caesium. Ut suscipit posuere justo at vulputate. Urna nisl sollicitudin id varius orci quam id turpis. Ubi est audax amicitia.', '2023-08-02 23:53:58'),
(96, 20, 3, 'Vae humani generis. Curabitur aliquam euismod dolor non ornare. Eposs sunt solems de superbus fortis. Nunc viverra elit ac laoreet suscipit. Eros diam egestas libero eu vulputate risus. Ubi est audax amicitia. Lorem ipsum dolor sit amet consectetur adipiscing elit. Pellentesque et sapien pulvinar consectetur. Pellentesque vitae velit ex. Aliquam sodales odio id eleifend tristique. Urna nisl sollicitudin id varius orci quam id turpis. Silva de secundus galatae demitto quadra.', '2023-08-02 23:53:54'),
(97, 20, 3, 'Diatrias tolerare tanquam noster caesium. Ubi est audax amicitia. Sunt accentores vitare salvus flavum parses. Lorem ipsum dolor sit amet consectetur adipiscing elit. Silva de secundus galatae demitto quadra. Mineralis persuadere omnes finises desiderium. Era brevis ratione est. Potus sensim ad ferox abnoba. Bassus fatalis classiss virtualiter transferre de flavum. Vae humani generis. Morbi tempus commodo mattis.', '2023-08-02 23:53:55'),
(98, 20, 3, 'Sunt accentores vitare salvus flavum parses. Mineralis persuadere omnes finises desiderium. Eros diam egestas libero eu vulputate risus. Ut eleifend mauris et risus ultrices egestas. Nulla porta lobortis ligula vel egestas. Era brevis ratione est. Diatrias tolerare tanquam noster caesium. Vae humani generis. Morbi tempus commodo mattis. Mauris dapibus risus quis suscipit vulputate. Sed varius a risus eget aliquam. Pellentesque vitae velit ex.', '2023-08-02 23:53:56'),
(99, 20, 3, 'Sunt torquises imitari velox mirabilis medicinaes. Urna nisl sollicitudin id varius orci quam id turpis. Ut suscipit posuere justo at vulputate. Era brevis ratione est. Potus sensim ad ferox abnoba. Mineralis persuadere omnes finises desiderium. Eros diam egestas libero eu vulputate risus. Sunt accentores vitare salvus flavum parses. Sed varius a risus eget aliquam. Bassus fatalis classiss virtualiter transferre de flavum. Silva de secundus galatae demitto quadra.', '2023-08-02 23:53:57'),
(100, 20, 3, 'Bassus fatalis classiss virtualiter transferre de flavum. Mineralis persuadere omnes finises desiderium. Lorem ipsum dolor sit amet consectetur adipiscing elit. Mauris dapibus risus quis suscipit vulputate. Eros diam egestas libero eu vulputate risus. Abnobas sunt hilotaes de placidus vita. Nunc viverra elit ac laoreet suscipit.', '2023-08-02 23:53:58'),
(101, 21, 3, 'Ut suscipit posuere justo at vulputate. Pellentesque et sapien pulvinar consectetur. In hac habitasse platea dictumst. Nulla porta lobortis ligula vel egestas. Sed varius a risus eget aliquam. Sunt torquises imitari velox mirabilis medicinaes. Pellentesque vitae velit ex.', '2023-08-02 23:53:54'),
(102, 21, 3, 'In hac habitasse platea dictumst. Eposs sunt solems de superbus fortis. Abnobas sunt hilotaes de placidus vita. Potus sensim ad ferox abnoba. Sunt torquises imitari velox mirabilis medicinaes. Lorem ipsum dolor sit amet consectetur adipiscing elit.', '2023-08-02 23:53:55'),
(103, 21, 3, 'Urna nisl sollicitudin id varius orci quam id turpis. Ut eleifend mauris et risus ultrices egestas. Diatrias tolerare tanquam noster caesium. Ut suscipit posuere justo at vulputate. Nunc viverra elit ac laoreet suscipit. Vae humani generis. Nulla porta lobortis ligula vel egestas. Ubi est audax amicitia.', '2023-08-02 23:53:56'),
(104, 21, 3, 'Teres talis saepe tractare de camerarius flavum sensorem. Mauris dapibus risus quis suscipit vulputate. Bassus fatalis classiss virtualiter transferre de flavum. Eros diam egestas libero eu vulputate risus. Vae humani generis. Mineralis persuadere omnes finises desiderium.', '2023-08-02 23:53:57'),
(105, 21, 3, 'Urna nisl sollicitudin id varius orci quam id turpis. Diatrias tolerare tanquam noster caesium. Sunt accentores vitare salvus flavum parses. Nulla porta lobortis ligula vel egestas. Teres talis saepe tractare de camerarius flavum sensorem. Sunt seculaes transferre talis camerarius fluctuies. Pellentesque vitae velit ex. Era brevis ratione est. Silva de secundus galatae demitto quadra.', '2023-08-02 23:53:58'),
(106, 22, 3, 'In hac habitasse platea dictumst. Potus sensim ad ferox abnoba. Teres talis saepe tractare de camerarius flavum sensorem. Lorem ipsum dolor sit amet consectetur adipiscing elit. Mauris dapibus risus quis suscipit vulputate. Curabitur aliquam euismod dolor non ornare. Aliquam sodales odio id eleifend tristique. Sunt accentores vitare salvus flavum parses. Mineralis persuadere omnes finises desiderium.', '2023-08-02 23:53:54'),
(107, 22, 3, 'Pellentesque et sapien pulvinar consectetur. Mineralis persuadere omnes finises desiderium. Abnobas sunt hilotaes de placidus vita. Sunt seculaes transferre talis camerarius fluctuies. Sunt torquises imitari velox mirabilis medicinaes. Nunc viverra elit ac laoreet suscipit. Mauris dapibus risus quis suscipit vulputate. Potus sensim ad ferox abnoba. Ubi est barbatus nix.', '2023-08-02 23:53:55'),
(108, 22, 3, 'Ubi est audax amicitia. Teres talis saepe tractare de camerarius flavum sensorem. Lorem ipsum dolor sit amet consectetur adipiscing elit. Ubi est barbatus nix. Sunt seculaes transferre talis camerarius fluctuies. Nunc viverra elit ac laoreet suscipit. Morbi tempus commodo mattis. Curabitur aliquam euismod dolor non ornare.', '2023-08-02 23:53:56'),
(109, 22, 3, 'Nulla porta lobortis ligula vel egestas. Ubi est audax amicitia. Abnobas sunt hilotaes de placidus vita. Morbi tempus commodo mattis. Curabitur aliquam euismod dolor non ornare. Sed varius a risus eget aliquam. Potus sensim ad ferox abnoba. Bassus fatalis classiss virtualiter transferre de flavum. Silva de secundus galatae demitto quadra. Pellentesque et sapien pulvinar consectetur. Eposs sunt solems de superbus fortis.', '2023-08-02 23:53:57'),
(110, 22, 3, 'Silva de secundus galatae demitto quadra. Abnobas sunt hilotaes de placidus vita. Vae humani generis. Urna nisl sollicitudin id varius orci quam id turpis. In hac habitasse platea dictumst. Lorem ipsum dolor sit amet consectetur adipiscing elit. Ubi est barbatus nix.', '2023-08-02 23:53:58'),
(111, 23, 3, 'Pellentesque vitae velit ex. Aliquam sodales odio id eleifend tristique. Sunt torquises imitari velox mirabilis medicinaes. Teres talis saepe tractare de camerarius flavum sensorem. Abnobas sunt hilotaes de placidus vita. Ut eleifend mauris et risus ultrices egestas.', '2023-08-02 23:53:54'),
(112, 23, 3, 'Ubi est barbatus nix. Ut suscipit posuere justo at vulputate. In hac habitasse platea dictumst. Lorem ipsum dolor sit amet consectetur adipiscing elit. Nunc viverra elit ac laoreet suscipit. Nulla porta lobortis ligula vel egestas. Vae humani generis. Silva de secundus galatae demitto quadra.', '2023-08-02 23:53:55'),
(113, 23, 3, 'Urna nisl sollicitudin id varius orci quam id turpis. Ubi est audax amicitia. Lorem ipsum dolor sit amet consectetur adipiscing elit. Sunt accentores vitare salvus flavum parses. Mauris dapibus risus quis suscipit vulputate. Pellentesque vitae velit ex. Sunt torquises imitari velox mirabilis medicinaes. Sunt seculaes transferre talis camerarius fluctuies.', '2023-08-02 23:53:56'),
(114, 23, 3, 'Era brevis ratione est. Curabitur aliquam euismod dolor non ornare. Potus sensim ad ferox abnoba. Abnobas sunt hilotaes de placidus vita. Pellentesque et sapien pulvinar consectetur. Pellentesque vitae velit ex. Vae humani generis. Sunt torquises imitari velox mirabilis medicinaes. Ubi est audax amicitia. Mineralis persuadere omnes finises desiderium. Nulla porta lobortis ligula vel egestas.', '2023-08-02 23:53:57'),
(115, 23, 3, 'Morbi tempus commodo mattis. Curabitur aliquam euismod dolor non ornare. Diatrias tolerare tanquam noster caesium. Bassus fatalis classiss virtualiter transferre de flavum. Ubi est audax amicitia. Sunt accentores vitare salvus flavum parses.', '2023-08-02 23:53:58'),
(116, 24, 3, 'Eros diam egestas libero eu vulputate risus. Potus sensim ad ferox abnoba. Silva de secundus galatae demitto quadra. Nulla porta lobortis ligula vel egestas. Diatrias tolerare tanquam noster caesium. Morbi tempus commodo mattis. Ubi est audax amicitia. Ut eleifend mauris et risus ultrices egestas. Sunt accentores vitare salvus flavum parses.', '2023-08-02 23:53:54'),
(117, 24, 3, 'Ut suscipit posuere justo at vulputate. Era brevis ratione est. Teres talis saepe tractare de camerarius flavum sensorem. In hac habitasse platea dictumst. Sunt seculaes transferre talis camerarius fluctuies. Sunt torquises imitari velox mirabilis medicinaes. Diatrias tolerare tanquam noster caesium. Ubi est audax amicitia. Mineralis persuadere omnes finises desiderium.', '2023-08-02 23:53:55'),
(118, 24, 3, 'Sunt seculaes transferre talis camerarius fluctuies. Sunt accentores vitare salvus flavum parses. Urna nisl sollicitudin id varius orci quam id turpis. Curabitur aliquam euismod dolor non ornare. Era brevis ratione est. Morbi tempus commodo mattis. Nunc viverra elit ac laoreet suscipit. Pellentesque vitae velit ex. In hac habitasse platea dictumst.', '2023-08-02 23:53:56'),
(119, 24, 3, 'Mineralis persuadere omnes finises desiderium. Pellentesque et sapien pulvinar consectetur. Pellentesque vitae velit ex. Silva de secundus galatae demitto quadra. Bassus fatalis classiss virtualiter transferre de flavum. Potus sensim ad ferox abnoba. Aliquam sodales odio id eleifend tristique. Sunt seculaes transferre talis camerarius fluctuies. Diatrias tolerare tanquam noster caesium. Lorem ipsum dolor sit amet consectetur adipiscing elit.', '2023-08-02 23:53:57'),
(120, 24, 3, 'Sunt seculaes transferre talis camerarius fluctuies. Ut eleifend mauris et risus ultrices egestas. Era brevis ratione est. Mineralis persuadere omnes finises desiderium. Mauris dapibus risus quis suscipit vulputate. Potus sensim ad ferox abnoba. Nunc viverra elit ac laoreet suscipit. Pellentesque et sapien pulvinar consectetur.', '2023-08-02 23:53:58'),
(121, 25, 3, 'Abnobas sunt hilotaes de placidus vita. Eposs sunt solems de superbus fortis. Mauris dapibus risus quis suscipit vulputate. Morbi tempus commodo mattis. Lorem ipsum dolor sit amet consectetur adipiscing elit. Ut suscipit posuere justo at vulputate. Teres talis saepe tractare de camerarius flavum sensorem.', '2023-08-02 23:53:54'),
(122, 25, 3, 'Era brevis ratione est. Urna nisl sollicitudin id varius orci quam id turpis. Ut suscipit posuere justo at vulputate. Eros diam egestas libero eu vulputate risus. Potus sensim ad ferox abnoba. Aliquam sodales odio id eleifend tristique. Abnobas sunt hilotaes de placidus vita.', '2023-08-02 23:53:55'),
(123, 25, 3, 'Teres talis saepe tractare de camerarius flavum sensorem. In hac habitasse platea dictumst. Mineralis persuadere omnes finises desiderium. Mauris dapibus risus quis suscipit vulputate. Lorem ipsum dolor sit amet consectetur adipiscing elit. Sunt seculaes transferre talis camerarius fluctuies. Nunc viverra elit ac laoreet suscipit.', '2023-08-02 23:53:56'),
(124, 25, 3, 'Sed varius a risus eget aliquam. Ut suscipit posuere justo at vulputate. Nulla porta lobortis ligula vel egestas. Curabitur aliquam euismod dolor non ornare. Nunc viverra elit ac laoreet suscipit. Eros diam egestas libero eu vulputate risus. In hac habitasse platea dictumst.', '2023-08-02 23:53:57'),
(125, 25, 3, 'Teres talis saepe tractare de camerarius flavum sensorem. Sunt torquises imitari velox mirabilis medicinaes. Mauris dapibus risus quis suscipit vulputate. Ubi est audax amicitia. Pellentesque et sapien pulvinar consectetur. Pellentesque vitae velit ex. Era brevis ratione est.', '2023-08-02 23:53:58');
INSERT INTO `symfony_demo_comment` (`id`, `post_id`, `author_id`, `content`, `published_at`) VALUES
(126, 26, 3, 'Sunt accentores vitare salvus flavum parses. Eposs sunt solems de superbus fortis. Ut suscipit posuere justo at vulputate. Nulla porta lobortis ligula vel egestas. Pellentesque et sapien pulvinar consectetur. Pellentesque vitae velit ex. Eros diam egestas libero eu vulputate risus. Teres talis saepe tractare de camerarius flavum sensorem. Aliquam sodales odio id eleifend tristique. Urna nisl sollicitudin id varius orci quam id turpis.', '2023-08-02 23:53:54'),
(127, 26, 3, 'Silva de secundus galatae demitto quadra. Sunt accentores vitare salvus flavum parses. Ut suscipit posuere justo at vulputate. Aliquam sodales odio id eleifend tristique. Ubi est barbatus nix. Sed varius a risus eget aliquam. Vae humani generis. Teres talis saepe tractare de camerarius flavum sensorem. Pellentesque vitae velit ex. Bassus fatalis classiss virtualiter transferre de flavum. Morbi tempus commodo mattis. Sunt seculaes transferre talis camerarius fluctuies.', '2023-08-02 23:53:55'),
(128, 26, 3, 'Ubi est barbatus nix. Pellentesque et sapien pulvinar consectetur. Silva de secundus galatae demitto quadra. Sunt accentores vitare salvus flavum parses. Vae humani generis. Nunc viverra elit ac laoreet suscipit. Ubi est audax amicitia. Morbi tempus commodo mattis. Sunt torquises imitari velox mirabilis medicinaes. Mauris dapibus risus quis suscipit vulputate. Diatrias tolerare tanquam noster caesium. Aliquam sodales odio id eleifend tristique.', '2023-08-02 23:53:56'),
(129, 26, 3, 'Bassus fatalis classiss virtualiter transferre de flavum. Ubi est barbatus nix. Era brevis ratione est. Vae humani generis. Diatrias tolerare tanquam noster caesium. Eros diam egestas libero eu vulputate risus. Nunc viverra elit ac laoreet suscipit. Pellentesque vitae velit ex. Ut suscipit posuere justo at vulputate. Sed varius a risus eget aliquam.', '2023-08-02 23:53:57'),
(130, 26, 3, 'Vae humani generis. Eros diam egestas libero eu vulputate risus. Pellentesque vitae velit ex. Curabitur aliquam euismod dolor non ornare. Bassus fatalis classiss virtualiter transferre de flavum. Aliquam sodales odio id eleifend tristique. Mauris dapibus risus quis suscipit vulputate. Ut eleifend mauris et risus ultrices egestas. Morbi tempus commodo mattis. Sed varius a risus eget aliquam. Pellentesque et sapien pulvinar consectetur. Ut suscipit posuere justo at vulputate.', '2023-08-02 23:53:58'),
(131, 27, 3, 'Eros diam egestas libero eu vulputate risus. Ubi est barbatus nix. Vae humani generis. Ubi est audax amicitia. Diatrias tolerare tanquam noster caesium. Eposs sunt solems de superbus fortis. Curabitur aliquam euismod dolor non ornare. Sunt torquises imitari velox mirabilis medicinaes. Era brevis ratione est. Teres talis saepe tractare de camerarius flavum sensorem.', '2023-08-02 23:53:54'),
(132, 27, 3, 'Diatrias tolerare tanquam noster caesium. Sunt accentores vitare salvus flavum parses. Teres talis saepe tractare de camerarius flavum sensorem. In hac habitasse platea dictumst. Morbi tempus commodo mattis. Vae humani generis. Ut eleifend mauris et risus ultrices egestas.', '2023-08-02 23:53:55'),
(133, 27, 3, 'Pellentesque vitae velit ex. Lorem ipsum dolor sit amet consectetur adipiscing elit. Sunt accentores vitare salvus flavum parses. Nulla porta lobortis ligula vel egestas. Ut suscipit posuere justo at vulputate. Ut eleifend mauris et risus ultrices egestas. Pellentesque et sapien pulvinar consectetur. Sed varius a risus eget aliquam. Urna nisl sollicitudin id varius orci quam id turpis. Sunt seculaes transferre talis camerarius fluctuies. Morbi tempus commodo mattis.', '2023-08-02 23:53:56'),
(134, 27, 3, 'Abnobas sunt hilotaes de placidus vita. Lorem ipsum dolor sit amet consectetur adipiscing elit. Mineralis persuadere omnes finises desiderium. Sunt seculaes transferre talis camerarius fluctuies. Teres talis saepe tractare de camerarius flavum sensorem. Ut eleifend mauris et risus ultrices egestas.', '2023-08-02 23:53:57'),
(135, 27, 3, 'Lorem ipsum dolor sit amet consectetur adipiscing elit. Pellentesque vitae velit ex. Ut suscipit posuere justo at vulputate. Mauris dapibus risus quis suscipit vulputate. Aliquam sodales odio id eleifend tristique. In hac habitasse platea dictumst. Eposs sunt solems de superbus fortis. Bassus fatalis classiss virtualiter transferre de flavum. Era brevis ratione est.', '2023-08-02 23:53:58'),
(136, 28, 3, 'Sunt seculaes transferre talis camerarius fluctuies. Sunt torquises imitari velox mirabilis medicinaes. Pellentesque vitae velit ex. Urna nisl sollicitudin id varius orci quam id turpis. Curabitur aliquam euismod dolor non ornare. Mineralis persuadere omnes finises desiderium. Ut suscipit posuere justo at vulputate. Bassus fatalis classiss virtualiter transferre de flavum. Eposs sunt solems de superbus fortis.', '2023-08-02 23:53:54'),
(137, 28, 3, 'Urna nisl sollicitudin id varius orci quam id turpis. Potus sensim ad ferox abnoba. Silva de secundus galatae demitto quadra. Diatrias tolerare tanquam noster caesium. Abnobas sunt hilotaes de placidus vita. Mineralis persuadere omnes finises desiderium. Eposs sunt solems de superbus fortis. Vae humani generis.', '2023-08-02 23:53:55'),
(138, 28, 3, 'Curabitur aliquam euismod dolor non ornare. In hac habitasse platea dictumst. Morbi tempus commodo mattis. Potus sensim ad ferox abnoba. Ubi est audax amicitia. Ut eleifend mauris et risus ultrices egestas. Pellentesque et sapien pulvinar consectetur. Nunc viverra elit ac laoreet suscipit. Bassus fatalis classiss virtualiter transferre de flavum. Diatrias tolerare tanquam noster caesium.', '2023-08-02 23:53:56'),
(139, 28, 3, 'Bassus fatalis classiss virtualiter transferre de flavum. Lorem ipsum dolor sit amet consectetur adipiscing elit. Eros diam egestas libero eu vulputate risus. Ut eleifend mauris et risus ultrices egestas. Nulla porta lobortis ligula vel egestas. Abnobas sunt hilotaes de placidus vita. Sed varius a risus eget aliquam. Ubi est audax amicitia.', '2023-08-02 23:53:57'),
(140, 28, 3, 'Potus sensim ad ferox abnoba. Curabitur aliquam euismod dolor non ornare. Sunt torquises imitari velox mirabilis medicinaes. Ut eleifend mauris et risus ultrices egestas. Lorem ipsum dolor sit amet consectetur adipiscing elit. Teres talis saepe tractare de camerarius flavum sensorem. Sed varius a risus eget aliquam. Bassus fatalis classiss virtualiter transferre de flavum. Diatrias tolerare tanquam noster caesium.', '2023-08-02 23:53:58'),
(141, 29, 3, 'Mauris dapibus risus quis suscipit vulputate. Aliquam sodales odio id eleifend tristique. Potus sensim ad ferox abnoba. Ubi est barbatus nix. Nulla porta lobortis ligula vel egestas. Diatrias tolerare tanquam noster caesium. Abnobas sunt hilotaes de placidus vita. Eros diam egestas libero eu vulputate risus. Ut eleifend mauris et risus ultrices egestas. Eposs sunt solems de superbus fortis. Urna nisl sollicitudin id varius orci quam id turpis.', '2023-08-02 23:53:54'),
(142, 29, 3, 'Eposs sunt solems de superbus fortis. Morbi tempus commodo mattis. In hac habitasse platea dictumst. Teres talis saepe tractare de camerarius flavum sensorem. Diatrias tolerare tanquam noster caesium. Sed varius a risus eget aliquam. Potus sensim ad ferox abnoba. Bassus fatalis classiss virtualiter transferre de flavum. Ut eleifend mauris et risus ultrices egestas. Pellentesque vitae velit ex. Sunt seculaes transferre talis camerarius fluctuies. Ubi est audax amicitia.', '2023-08-02 23:53:55'),
(143, 29, 3, 'Nunc viverra elit ac laoreet suscipit. Vae humani generis. Sunt torquises imitari velox mirabilis medicinaes. Curabitur aliquam euismod dolor non ornare. Mineralis persuadere omnes finises desiderium. Ut suscipit posuere justo at vulputate. Ut eleifend mauris et risus ultrices egestas. Eros diam egestas libero eu vulputate risus. Aliquam sodales odio id eleifend tristique.', '2023-08-02 23:53:56'),
(144, 29, 3, 'Teres talis saepe tractare de camerarius flavum sensorem. Urna nisl sollicitudin id varius orci quam id turpis. Ut suscipit posuere justo at vulputate. Diatrias tolerare tanquam noster caesium. Mauris dapibus risus quis suscipit vulputate. Ut eleifend mauris et risus ultrices egestas. In hac habitasse platea dictumst. Curabitur aliquam euismod dolor non ornare.', '2023-08-02 23:53:57'),
(145, 29, 3, 'Mauris dapibus risus quis suscipit vulputate. Eposs sunt solems de superbus fortis. Diatrias tolerare tanquam noster caesium. Ut suscipit posuere justo at vulputate. Nulla porta lobortis ligula vel egestas. Ubi est audax amicitia. Ut eleifend mauris et risus ultrices egestas. Sunt accentores vitare salvus flavum parses. Silva de secundus galatae demitto quadra.', '2023-08-02 23:53:58'),
(146, 30, 3, 'Sed varius a risus eget aliquam. Abnobas sunt hilotaes de placidus vita. Nulla porta lobortis ligula vel egestas. Nunc viverra elit ac laoreet suscipit. Diatrias tolerare tanquam noster caesium. Aliquam sodales odio id eleifend tristique. Urna nisl sollicitudin id varius orci quam id turpis.', '2023-08-02 23:53:54'),
(147, 30, 3, 'Ut eleifend mauris et risus ultrices egestas. Eros diam egestas libero eu vulputate risus. Curabitur aliquam euismod dolor non ornare. Mineralis persuadere omnes finises desiderium. Potus sensim ad ferox abnoba. Ubi est barbatus nix. Bassus fatalis classiss virtualiter transferre de flavum. Pellentesque et sapien pulvinar consectetur. Nulla porta lobortis ligula vel egestas. Silva de secundus galatae demitto quadra. Era brevis ratione est. Lorem ipsum dolor sit amet consectetur adipiscing elit.', '2023-08-02 23:53:55'),
(148, 30, 3, 'Sunt torquises imitari velox mirabilis medicinaes. In hac habitasse platea dictumst. Sunt accentores vitare salvus flavum parses. Mauris dapibus risus quis suscipit vulputate. Ubi est barbatus nix. Eros diam egestas libero eu vulputate risus. Pellentesque et sapien pulvinar consectetur. Ubi est audax amicitia. Era brevis ratione est.', '2023-08-02 23:53:56'),
(149, 30, 3, 'Mauris dapibus risus quis suscipit vulputate. Curabitur aliquam euismod dolor non ornare. Aliquam sodales odio id eleifend tristique. Ut suscipit posuere justo at vulputate. Abnobas sunt hilotaes de placidus vita. Sunt seculaes transferre talis camerarius fluctuies. Pellentesque vitae velit ex.', '2023-08-02 23:53:57'),
(150, 30, 3, 'Sunt torquises imitari velox mirabilis medicinaes. Ubi est audax amicitia. Eros diam egestas libero eu vulputate risus. Abnobas sunt hilotaes de placidus vita. Mineralis persuadere omnes finises desiderium. Ubi est barbatus nix. Morbi tempus commodo mattis. Nunc viverra elit ac laoreet suscipit. Pellentesque vitae velit ex. Sunt seculaes transferre talis camerarius fluctuies.', '2023-08-02 23:53:58');

CREATE TABLE `symfony_demo_post` (
  `id` int(11) NOT NULL,
  `author_id` int(11) NOT NULL,
  `title` varchar(255) NOT NULL,
  `slug` varchar(255) NOT NULL,
  `summary` varchar(255) NOT NULL,
  `content` longtext NOT NULL,
  `published_at` datetime NOT NULL
) ENGINE=InnoDB DEFAULT CHARSET=utf8mb4 COLLATE=utf8mb4_general_ci;

INSERT INTO `symfony_demo_post` (`id`, `author_id`, `title`, `slug`, `summary`, `content`, `published_at`) VALUES
(1, 1, 'Lorem ipsum dolor sit amet consectetur adipiscing elit', 'lorem-ipsum-dolor-sit-amet-consectetur-adipiscing-elit', 'Pellentesque vitae velit ex. Silva de secundus galatae demitto quadra. Sunt torquises imitari velox mirabilis medicinaes. Nunc viverra elit ac laoreet suscipit. Lorem ipsum dolor sit amet consectetur adipiscing elit. Ubi est audax amicitia.', 'Lorem ipsum dolor sit amet consectetur adipisicing elit, sed do eiusmod tempor\r\nincididunt ut labore et **dolore magna aliqua**: Duis aute irure dolor in\r\nreprehenderit in voluptate velit esse cillum dolore eu fugiat nulla pariatur.\r\nExcepteur sint occaecat cupidatat non proident, sunt in culpa qui officia\r\ndeserunt mollit anim id est laborum.\r\n\r\n  * Ut enim ad minim veniam\r\n  * Quis nostrud exercitation *ullamco laboris*\r\n  * Nisi ut aliquip ex ea commodo consequat\r\n\r\nPraesent id fermentum lorem. Ut est lorem, fringilla at accumsan nec, euismod at\r\nnunc. Aenean mattis sollicitudin mattis. Nullam pulvinar vestibulum bibendum.\r\nClass aptent taciti sociosqu ad litora torquent per conubia nostra, per inceptos\r\nhimenaeos. Fusce nulla purus, gravida ac interdum ut, blandit eget ex. Duis a\r\nluctus dolor.\r\n\r\nInteger auctor massa maximus nulla scelerisque accumsan. *Aliquam ac malesuada*\r\nex. Pellentesque tortor magna, vulputate eu vulputate ut, venenatis ac lectus.\r\nPraesent ut lacinia sem. Mauris a lectus eget felis mollis feugiat. Quisque\r\nefficitur, mi ut semper pulvinar, urna urna blandit massa, eget tincidunt augue\r\nnulla vitae est.\r\n\r\nUt posuere aliquet tincidunt. Aliquam erat volutpat. **Class aptent taciti**\r\nsociosqu ad litora torquent per conubia nostra, per inceptos himenaeos. Morbi\r\narcu orci, gravida eget aliquam eu, suscipit et ante. Morbi vulputate metus vel\r\nipsum finibus, ut dapibus massa feugiat. Vestibulum vel lobortis libero. Sed\r\ntincidunt tellus et viverra scelerisque. Pellentesque tincidunt cursus felis.\r\nSed in egestas erat.\r\n\r\nAliquam pulvinar interdum massa, vel ullamcorper ante consectetur eu. Vestibulum\r\nlacinia ac enim vel placerat. Integer pulvinar magna nec dui malesuada, nec\r\ncongue nisl dictum. Donec mollis nisl tortor, at congue erat consequat a. Nam\r\ntempus elit porta, blandit elit vel, viverra lorem. Sed sit amet tellus\r\ntincidunt, faucibus nisl in, aliquet libero.', '2023-08-02 09:28:19'),
(2, 2, 'Pellentesque vitae velit ex', 'pellentesque-vitae-velit-ex', 'Urna nisl sollicitudin id varius orci quam id turpis. Sed varius a risus eget aliquam. Teres talis saepe tractare de camerarius flavum sensorem. Curabitur aliquam euismod dolor non ornare. Mineralis persuadere omnes finises desiderium.', 'Lorem ipsum dolor sit amet consectetur adipisicing elit, sed do eiusmod tempor\r\nincididunt ut labore et **dolore magna aliqua**: Duis aute irure dolor in\r\nreprehenderit in voluptate velit esse cillum dolore eu fugiat nulla pariatur.\r\nExcepteur sint occaecat cupidatat non proident, sunt in culpa qui officia\r\ndeserunt mollit anim id est laborum.\r\n\r\n  * Ut enim ad minim veniam\r\n  * Quis nostrud exercitation *ullamco laboris*\r\n  * Nisi ut aliquip ex ea commodo consequat\r\n\r\nPraesent id fermentum lorem. Ut est lorem, fringilla at accumsan nec, euismod at\r\nnunc. Aenean mattis sollicitudin mattis. Nullam pulvinar vestibulum bibendum.\r\nClass aptent taciti sociosqu ad litora torquent per conubia nostra, per inceptos\r\nhimenaeos. Fusce nulla purus, gravida ac interdum ut, blandit eget ex. Duis a\r\nluctus dolor.\r\n\r\nInteger auctor massa maximus nulla scelerisque accumsan. *Aliquam ac malesuada*\r\nex. Pellentesque tortor magna, vulputate eu vulputate ut, venenatis ac lectus.\r\nPraesent ut lacinia sem. Mauris a lectus eget felis mollis feugiat. Quisque\r\nefficitur, mi ut semper pulvinar, urna urna blandit massa, eget tincidunt augue\r\nnulla vitae est.\r\n\r\nUt posuere aliquet tincidunt. Aliquam erat volutpat. **Class aptent taciti**\r\nsociosqu ad litora torquent per conubia nostra, per inceptos himenaeos. Morbi\r\narcu orci, gravida eget aliquam eu, suscipit et ante. Morbi vulputate metus vel\r\nipsum finibus, ut dapibus massa feugiat. Vestibulum vel lobortis libero. Sed\r\ntincidunt tellus et viverra scelerisque. Pellentesque tincidunt cursus felis.\r\nSed in egestas erat.\r\n\r\nAliquam pulvinar interdum massa, vel ullamcorper ante consectetur eu. Vestibulum\r\nlacinia ac enim vel placerat. Integer pulvinar magna nec dui malesuada, nec\r\ncongue nisl dictum. Donec mollis nisl tortor, at congue erat consequat a. Nam\r\ntempus elit porta, blandit elit vel, viverra lorem. Sed sit amet tellus\r\ntincidunt, faucibus nisl in, aliquet libero.', '2023-08-01 15:33:13'),
(3, 1, 'Mauris dapibus risus quis suscipit vulputate', 'mauris-dapibus-risus-quis-suscipit-vulputate', 'Sunt seculaes transferre talis camerarius fluctuies. Ut suscipit posuere justo at vulputate. Sed varius a risus eget aliquam. Potus sensim ad ferox abnoba. Aliquam sodales odio id eleifend tristique. Diatrias tolerare tanquam noster caesium.', 'Lorem ipsum dolor sit amet consectetur adipisicing elit, sed do eiusmod tempor\r\nincididunt ut labore et **dolore magna aliqua**: Duis aute irure dolor in\r\nreprehenderit in voluptate velit esse cillum dolore eu fugiat nulla pariatur.\r\nExcepteur sint occaecat cupidatat non proident, sunt in culpa qui officia\r\ndeserunt mollit anim id est laborum.\r\n\r\n  * Ut enim ad minim veniam\r\n  * Quis nostrud exercitation *ullamco laboris*\r\n  * Nisi ut aliquip ex ea commodo consequat\r\n\r\nPraesent id fermentum lorem. Ut est lorem, fringilla at accumsan nec, euismod at\r\nnunc. Aenean mattis sollicitudin mattis. Nullam pulvinar vestibulum bibendum.\r\nClass aptent taciti sociosqu ad litora torquent per conubia nostra, per inceptos\r\nhimenaeos. Fusce nulla purus, gravida ac interdum ut, blandit eget ex. Duis a\r\nluctus dolor.\r\n\r\nInteger auctor massa maximus nulla scelerisque accumsan. *Aliquam ac malesuada*\r\nex. Pellentesque tortor magna, vulputate eu vulputate ut, venenatis ac lectus.\r\nPraesent ut lacinia sem. Mauris a lectus eget felis mollis feugiat. Quisque\r\nefficitur, mi ut semper pulvinar, urna urna blandit massa, eget tincidunt augue\r\nnulla vitae est.\r\n\r\nUt posuere aliquet tincidunt. Aliquam erat volutpat. **Class aptent taciti**\r\nsociosqu ad litora torquent per conubia nostra, per inceptos himenaeos. Morbi\r\narcu orci, gravida eget aliquam eu, suscipit et ante. Morbi vulputate metus vel\r\nipsum finibus, ut dapibus massa feugiat. Vestibulum vel lobortis libero. Sed\r\ntincidunt tellus et viverra scelerisque. Pellentesque tincidunt cursus felis.\r\nSed in egestas erat.\r\n\r\nAliquam pulvinar interdum massa, vel ullamcorper ante consectetur eu. Vestibulum\r\nlacinia ac enim vel placerat. Integer pulvinar magna nec dui malesuada, nec\r\ncongue nisl dictum. Donec mollis nisl tortor, at congue erat consequat a. Nam\r\ntempus elit porta, blandit elit vel, viverra lorem. Sed sit amet tellus\r\ntincidunt, faucibus nisl in, aliquet libero.', '2023-07-31 16:36:01'),
(4, 1, 'Eros diam egestas libero eu vulputate risus', 'eros-diam-egestas-libero-eu-vulputate-risus', 'Morbi tempus commodo mattis. Pellentesque et sapien pulvinar consectetur. Eposs sunt solems de superbus fortis. Mineralis persuadere omnes finises desiderium. Nunc viverra elit ac laoreet suscipit. Mauris dapibus risus quis suscipit vulputate.', 'Lorem ipsum dolor sit amet consectetur adipisicing elit, sed do eiusmod tempor\r\nincididunt ut labore et **dolore magna aliqua**: Duis aute irure dolor in\r\nreprehenderit in voluptate velit esse cillum dolore eu fugiat nulla pariatur.\r\nExcepteur sint occaecat cupidatat non proident, sunt in culpa qui officia\r\ndeserunt mollit anim id est laborum.\r\n\r\n  * Ut enim ad minim veniam\r\n  * Quis nostrud exercitation *ullamco laboris*\r\n  * Nisi ut aliquip ex ea commodo consequat\r\n\r\nPraesent id fermentum lorem. Ut est lorem, fringilla at accumsan nec, euismod at\r\nnunc. Aenean mattis sollicitudin mattis. Nullam pulvinar vestibulum bibendum.\r\nClass aptent taciti sociosqu ad litora torquent per conubia nostra, per inceptos\r\nhimenaeos. Fusce nulla purus, gravida ac interdum ut, blandit eget ex. Duis a\r\nluctus dolor.\r\n\r\nInteger auctor massa maximus nulla scelerisque accumsan. *Aliquam ac malesuada*\r\nex. Pellentesque tortor magna, vulputate eu vulputate ut, venenatis ac lectus.\r\nPraesent ut lacinia sem. Mauris a lectus eget felis mollis feugiat. Quisque\r\nefficitur, mi ut semper pulvinar, urna urna blandit massa, eget tincidunt augue\r\nnulla vitae est.\r\n\r\nUt posuere aliquet tincidunt. Aliquam erat volutpat. **Class aptent taciti**\r\nsociosqu ad litora torquent per conubia nostra, per inceptos himenaeos. Morbi\r\narcu orci, gravida eget aliquam eu, suscipit et ante. Morbi vulputate metus vel\r\nipsum finibus, ut dapibus massa feugiat. Vestibulum vel lobortis libero. Sed\r\ntincidunt tellus et viverra scelerisque. Pellentesque tincidunt cursus felis.\r\nSed in egestas erat.\r\n\r\nAliquam pulvinar interdum massa, vel ullamcorper ante consectetur eu. Vestibulum\r\nlacinia ac enim vel placerat. Integer pulvinar magna nec dui malesuada, nec\r\ncongue nisl dictum. Donec mollis nisl tortor, at congue erat consequat a. Nam\r\ntempus elit porta, blandit elit vel, viverra lorem. Sed sit amet tellus\r\ntincidunt, faucibus nisl in, aliquet libero.', '2023-07-30 10:48:36'),
(5, 1, 'In hac habitasse platea dictumst', 'in-hac-habitasse-platea-dictumst', 'Aliquam sodales odio id eleifend tristique. Ut eleifend mauris et risus ultrices egestas. Vae humani generis. Teres talis saepe tractare de camerarius flavum sensorem. Pellentesque et sapien pulvinar consectetur.', 'Lorem ipsum dolor sit amet consectetur adipisicing elit, sed do eiusmod tempor\r\nincididunt ut labore et **dolore magna aliqua**: Duis aute irure dolor in\r\nreprehenderit in voluptate velit esse cillum dolore eu fugiat nulla pariatur.\r\nExcepteur sint occaecat cupidatat non proident, sunt in culpa qui officia\r\ndeserunt mollit anim id est laborum.\r\n\r\n  * Ut enim ad minim veniam\r\n  * Quis nostrud exercitation *ullamco laboris*\r\n  * Nisi ut aliquip ex ea commodo consequat\r\n\r\nPraesent id fermentum lorem. Ut est lorem, fringilla at accumsan nec, euismod at\r\nnunc. Aenean mattis sollicitudin mattis. Nullam pulvinar vestibulum bibendum.\r\nClass aptent taciti sociosqu ad litora torquent per conubia nostra, per inceptos\r\nhimenaeos. Fusce nulla purus, gravida ac interdum ut, blandit eget ex. Duis a\r\nluctus dolor.\r\n\r\nInteger auctor massa maximus nulla scelerisque accumsan. *Aliquam ac malesuada*\r\nex. Pellentesque tortor magna, vulputate eu vulputate ut, venenatis ac lectus.\r\nPraesent ut lacinia sem. Mauris a lectus eget felis mollis feugiat. Quisque\r\nefficitur, mi ut semper pulvinar, urna urna blandit massa, eget tincidunt augue\r\nnulla vitae est.\r\n\r\nUt posuere aliquet tincidunt. Aliquam erat volutpat. **Class aptent taciti**\r\nsociosqu ad litora torquent per conubia nostra, per inceptos himenaeos. Morbi\r\narcu orci, gravida eget aliquam eu, suscipit et ante. Morbi vulputate metus vel\r\nipsum finibus, ut dapibus massa feugiat. Vestibulum vel lobortis libero. Sed\r\ntincidunt tellus et viverra scelerisque. Pellentesque tincidunt cursus felis.\r\nSed in egestas erat.\r\n\r\nAliquam pulvinar interdum massa, vel ullamcorper ante consectetur eu. Vestibulum\r\nlacinia ac enim vel placerat. Integer pulvinar magna nec dui malesuada, nec\r\ncongue nisl dictum. Donec mollis nisl tortor, at congue erat consequat a. Nam\r\ntempus elit porta, blandit elit vel, viverra lorem. Sed sit amet tellus\r\ntincidunt, faucibus nisl in, aliquet libero.', '2023-07-29 15:19:41'),
(6, 1, 'Morbi tempus commodo mattis', 'morbi-tempus-commodo-mattis', 'Silva de secundus galatae demitto quadra. Era brevis ratione est. Ut eleifend mauris et risus ultrices egestas. Abnobas sunt hilotaes de placidus vita. Mauris dapibus risus quis suscipit vulputate. Bassus fatalis classiss virtualiter transferre de flavum.', 'Lorem ipsum dolor sit amet consectetur adipisicing elit, sed do eiusmod tempor\r\nincididunt ut labore et **dolore magna aliqua**: Duis aute irure dolor in\r\nreprehenderit in voluptate velit esse cillum dolore eu fugiat nulla pariatur.\r\nExcepteur sint occaecat cupidatat non proident, sunt in culpa qui officia\r\ndeserunt mollit anim id est laborum.\r\n\r\n  * Ut enim ad minim veniam\r\n  * Quis nostrud exercitation *ullamco laboris*\r\n  * Nisi ut aliquip ex ea commodo consequat\r\n\r\nPraesent id fermentum lorem. Ut est lorem, fringilla at accumsan nec, euismod at\r\nnunc. Aenean mattis sollicitudin mattis. Nullam pulvinar vestibulum bibendum.\r\nClass aptent taciti sociosqu ad litora torquent per conubia nostra, per inceptos\r\nhimenaeos. Fusce nulla purus, gravida ac interdum ut, blandit eget ex. Duis a\r\nluctus dolor.\r\n\r\nInteger auctor massa maximus nulla scelerisque accumsan. *Aliquam ac malesuada*\r\nex. Pellentesque tortor magna, vulputate eu vulputate ut, venenatis ac lectus.\r\nPraesent ut lacinia sem. Mauris a lectus eget felis mollis feugiat. Quisque\r\nefficitur, mi ut semper pulvinar, urna urna blandit massa, eget tincidunt augue\r\nnulla vitae est.\r\n\r\nUt posuere aliquet tincidunt. Aliquam erat volutpat. **Class aptent taciti**\r\nsociosqu ad litora torquent per conubia nostra, per inceptos himenaeos. Morbi\r\narcu orci, gravida eget aliquam eu, suscipit et ante. Morbi vulputate metus vel\r\nipsum finibus, ut dapibus massa feugiat. Vestibulum vel lobortis libero. Sed\r\ntincidunt tellus et viverra scelerisque. Pellentesque tincidunt cursus felis.\r\nSed in egestas erat.\r\n\r\nAliquam pulvinar interdum massa, vel ullamcorper ante consectetur eu. Vestibulum\r\nlacinia ac enim vel placerat. Integer pulvinar magna nec dui malesuada, nec\r\ncongue nisl dictum. Donec mollis nisl tortor, at congue erat consequat a. Nam\r\ntempus elit porta, blandit elit vel, viverra lorem. Sed sit amet tellus\r\ntincidunt, faucibus nisl in, aliquet libero.', '2023-07-28 11:10:31'),
(7, 2, 'Ut suscipit posuere justo at vulputate', 'ut-suscipit-posuere-justo-at-vulputate', 'Diatrias tolerare tanquam noster caesium. Pellentesque vitae velit ex. Eposs sunt solems de superbus fortis. Urna nisl sollicitudin id varius orci quam id turpis. Mineralis persuadere omnes finises desiderium. Aliquam sodales odio id eleifend tristique.', 'Lorem ipsum dolor sit amet consectetur adipisicing elit, sed do eiusmod tempor\r\nincididunt ut labore et **dolore magna aliqua**: Duis aute irure dolor in\r\nreprehenderit in voluptate velit esse cillum dolore eu fugiat nulla pariatur.\r\nExcepteur sint occaecat cupidatat non proident, sunt in culpa qui officia\r\ndeserunt mollit anim id est laborum.\r\n\r\n  * Ut enim ad minim veniam\r\n  * Quis nostrud exercitation *ullamco laboris*\r\n  * Nisi ut aliquip ex ea commodo consequat\r\n\r\nPraesent id fermentum lorem. Ut est lorem, fringilla at accumsan nec, euismod at\r\nnunc. Aenean mattis sollicitudin mattis. Nullam pulvinar vestibulum bibendum.\r\nClass aptent taciti sociosqu ad litora torquent per conubia nostra, per inceptos\r\nhimenaeos. Fusce nulla purus, gravida ac interdum ut, blandit eget ex. Duis a\r\nluctus dolor.\r\n\r\nInteger auctor massa maximus nulla scelerisque accumsan. *Aliquam ac malesuada*\r\nex. Pellentesque tortor magna, vulputate eu vulputate ut, venenatis ac lectus.\r\nPraesent ut lacinia sem. Mauris a lectus eget felis mollis feugiat. Quisque\r\nefficitur, mi ut semper pulvinar, urna urna blandit massa, eget tincidunt augue\r\nnulla vitae est.\r\n\r\nUt posuere aliquet tincidunt. Aliquam erat volutpat. **Class aptent taciti**\r\nsociosqu ad litora torquent per conubia nostra, per inceptos himenaeos. Morbi\r\narcu orci, gravida eget aliquam eu, suscipit et ante. Morbi vulputate metus vel\r\nipsum finibus, ut dapibus massa feugiat. Vestibulum vel lobortis libero. Sed\r\ntincidunt tellus et viverra scelerisque. Pellentesque tincidunt cursus felis.\r\nSed in egestas erat.\r\n\r\nAliquam pulvinar interdum massa, vel ullamcorper ante consectetur eu. Vestibulum\r\nlacinia ac enim vel placerat. Integer pulvinar magna nec dui malesuada, nec\r\ncongue nisl dictum. Donec mollis nisl tortor, at congue erat consequat a. Nam\r\ntempus elit porta, blandit elit vel, viverra lorem. Sed sit amet tellus\r\ntincidunt, faucibus nisl in, aliquet libero.', '2023-07-27 11:12:41'),
(8, 1, 'Ut eleifend mauris et risus ultrices egestas', 'ut-eleifend-mauris-et-risus-ultrices-egestas', 'Sed varius a risus eget aliquam. Ubi est barbatus nix. Curabitur aliquam euismod dolor non ornare. Eros diam egestas libero eu vulputate risus. Ut suscipit posuere justo at vulputate. Mineralis persuadere omnes finises desiderium. Vae humani generis.', 'Lorem ipsum dolor sit amet consectetur adipisicing elit, sed do eiusmod tempor\r\nincididunt ut labore et **dolore magna aliqua**: Duis aute irure dolor in\r\nreprehenderit in voluptate velit esse cillum dolore eu fugiat nulla pariatur.\r\nExcepteur sint occaecat cupidatat non proident, sunt in culpa qui officia\r\ndeserunt mollit anim id est laborum.\r\n\r\n  * Ut enim ad minim veniam\r\n  * Quis nostrud exercitation *ullamco laboris*\r\n  * Nisi ut aliquip ex ea commodo consequat\r\n\r\nPraesent id fermentum lorem. Ut est lorem, fringilla at accumsan nec, euismod at\r\nnunc. Aenean mattis sollicitudin mattis. Nullam pulvinar vestibulum bibendum.\r\nClass aptent taciti sociosqu ad litora torquent per conubia nostra, per inceptos\r\nhimenaeos. Fusce nulla purus, gravida ac interdum ut, blandit eget ex. Duis a\r\nluctus dolor.\r\n\r\nInteger auctor massa maximus nulla scelerisque accumsan. *Aliquam ac malesuada*\r\nex. Pellentesque tortor magna, vulputate eu vulputate ut, venenatis ac lectus.\r\nPraesent ut lacinia sem. Mauris a lectus eget felis mollis feugiat. Quisque\r\nefficitur, mi ut semper pulvinar, urna urna blandit massa, eget tincidunt augue\r\nnulla vitae est.\r\n\r\nUt posuere aliquet tincidunt. Aliquam erat volutpat. **Class aptent taciti**\r\nsociosqu ad litora torquent per conubia nostra, per inceptos himenaeos. Morbi\r\narcu orci, gravida eget aliquam eu, suscipit et ante. Morbi vulputate metus vel\r\nipsum finibus, ut dapibus massa feugiat. Vestibulum vel lobortis libero. Sed\r\ntincidunt tellus et viverra scelerisque. Pellentesque tincidunt cursus felis.\r\nSed in egestas erat.\r\n\r\nAliquam pulvinar interdum massa, vel ullamcorper ante consectetur eu. Vestibulum\r\nlacinia ac enim vel placerat. Integer pulvinar magna nec dui malesuada, nec\r\ncongue nisl dictum. Donec mollis nisl tortor, at congue erat consequat a. Nam\r\ntempus elit porta, blandit elit vel, viverra lorem. Sed sit amet tellus\r\ntincidunt, faucibus nisl in, aliquet libero.', '2023-07-26 11:30:24'),
(9, 1, 'Aliquam sodales odio id eleifend tristique', 'aliquam-sodales-odio-id-eleifend-tristique', 'Eros diam egestas libero eu vulputate risus. Pellentesque vitae velit ex. Nulla porta lobortis ligula vel egestas. Silva de secundus galatae demitto quadra. Bassus fatalis classiss virtualiter transferre de flavum.', 'Lorem ipsum dolor sit amet consectetur adipisicing elit, sed do eiusmod tempor\r\nincididunt ut labore et **dolore magna aliqua**: Duis aute irure dolor in\r\nreprehenderit in voluptate velit esse cillum dolore eu fugiat nulla pariatur.\r\nExcepteur sint occaecat cupidatat non proident, sunt in culpa qui officia\r\ndeserunt mollit anim id est laborum.\r\n\r\n  * Ut enim ad minim veniam\r\n  * Quis nostrud exercitation *ullamco laboris*\r\n  * Nisi ut aliquip ex ea commodo consequat\r\n\r\nPraesent id fermentum lorem. Ut est lorem, fringilla at accumsan nec, euismod at\r\nnunc. Aenean mattis sollicitudin mattis. Nullam pulvinar vestibulum bibendum.\r\nClass aptent taciti sociosqu ad litora torquent per conubia nostra, per inceptos\r\nhimenaeos. Fusce nulla purus, gravida ac interdum ut, blandit eget ex. Duis a\r\nluctus dolor.\r\n\r\nInteger auctor massa maximus nulla scelerisque accumsan. *Aliquam ac malesuada*\r\nex. Pellentesque tortor magna, vulputate eu vulputate ut, venenatis ac lectus.\r\nPraesent ut lacinia sem. Mauris a lectus eget felis mollis feugiat. Quisque\r\nefficitur, mi ut semper pulvinar, urna urna blandit massa, eget tincidunt augue\r\nnulla vitae est.\r\n\r\nUt posuere aliquet tincidunt. Aliquam erat volutpat. **Class aptent taciti**\r\nsociosqu ad litora torquent per conubia nostra, per inceptos himenaeos. Morbi\r\narcu orci, gravida eget aliquam eu, suscipit et ante. Morbi vulputate metus vel\r\nipsum finibus, ut dapibus massa feugiat. Vestibulum vel lobortis libero. Sed\r\ntincidunt tellus et viverra scelerisque. Pellentesque tincidunt cursus felis.\r\nSed in egestas erat.\r\n\r\nAliquam pulvinar interdum massa, vel ullamcorper ante consectetur eu. Vestibulum\r\nlacinia ac enim vel placerat. Integer pulvinar magna nec dui malesuada, nec\r\ncongue nisl dictum. Donec mollis nisl tortor, at congue erat consequat a. Nam\r\ntempus elit porta, blandit elit vel, viverra lorem. Sed sit amet tellus\r\ntincidunt, faucibus nisl in, aliquet libero.', '2023-07-25 15:13:36'),
(10, 2, 'Urna nisl sollicitudin id varius orci quam id turpis', 'urna-nisl-sollicitudin-id-varius-orci-quam-id-turpis', 'Sunt accentores vitare salvus flavum parses. Morbi tempus commodo mattis. Sed varius a risus eget aliquam. Eposs sunt solems de superbus fortis. Lorem ipsum dolor sit amet consectetur adipiscing elit. Ut suscipit posuere justo at vulputate.', 'Lorem ipsum dolor sit amet consectetur adipisicing elit, sed do eiusmod tempor\r\nincididunt ut labore et **dolore magna aliqua**: Duis aute irure dolor in\r\nreprehenderit in voluptate velit esse cillum dolore eu fugiat nulla pariatur.\r\nExcepteur sint occaecat cupidatat non proident, sunt in culpa qui officia\r\ndeserunt mollit anim id est laborum.\r\n\r\n  * Ut enim ad minim veniam\r\n  * Quis nostrud exercitation *ullamco laboris*\r\n  * Nisi ut aliquip ex ea commodo consequat\r\n\r\nPraesent id fermentum lorem. Ut est lorem, fringilla at accumsan nec, euismod at\r\nnunc. Aenean mattis sollicitudin mattis. Nullam pulvinar vestibulum bibendum.\r\nClass aptent taciti sociosqu ad litora torquent per conubia nostra, per inceptos\r\nhimenaeos. Fusce nulla purus, gravida ac interdum ut, blandit eget ex. Duis a\r\nluctus dolor.\r\n\r\nInteger auctor massa maximus nulla scelerisque accumsan. *Aliquam ac malesuada*\r\nex. Pellentesque tortor magna, vulputate eu vulputate ut, venenatis ac lectus.\r\nPraesent ut lacinia sem. Mauris a lectus eget felis mollis feugiat. Quisque\r\nefficitur, mi ut semper pulvinar, urna urna blandit massa, eget tincidunt augue\r\nnulla vitae est.\r\n\r\nUt posuere aliquet tincidunt. Aliquam erat volutpat. **Class aptent taciti**\r\nsociosqu ad litora torquent per conubia nostra, per inceptos himenaeos. Morbi\r\narcu orci, gravida eget aliquam eu, suscipit et ante. Morbi vulputate metus vel\r\nipsum finibus, ut dapibus massa feugiat. Vestibulum vel lobortis libero. Sed\r\ntincidunt tellus et viverra scelerisque. Pellentesque tincidunt cursus felis.\r\nSed in egestas erat.\r\n\r\nAliquam pulvinar interdum massa, vel ullamcorper ante consectetur eu. Vestibulum\r\nlacinia ac enim vel placerat. Integer pulvinar magna nec dui malesuada, nec\r\ncongue nisl dictum. Donec mollis nisl tortor, at congue erat consequat a. Nam\r\ntempus elit porta, blandit elit vel, viverra lorem. Sed sit amet tellus\r\ntincidunt, faucibus nisl in, aliquet libero.', '2023-07-24 12:36:08'),
(11, 1, 'Nulla porta lobortis ligula vel egestas', 'nulla-porta-lobortis-ligula-vel-egestas', 'Ubi est audax amicitia. Lorem ipsum dolor sit amet consectetur adipiscing elit. Mauris dapibus risus quis suscipit vulputate. Diatrias tolerare tanquam noster caesium. Vae humani generis. Era brevis ratione est.', 'Lorem ipsum dolor sit amet consectetur adipisicing elit, sed do eiusmod tempor\r\nincididunt ut labore et **dolore magna aliqua**: Duis aute irure dolor in\r\nreprehenderit in voluptate velit esse cillum dolore eu fugiat nulla pariatur.\r\nExcepteur sint occaecat cupidatat non proident, sunt in culpa qui officia\r\ndeserunt mollit anim id est laborum.\r\n\r\n  * Ut enim ad minim veniam\r\n  * Quis nostrud exercitation *ullamco laboris*\r\n  * Nisi ut aliquip ex ea commodo consequat\r\n\r\nPraesent id fermentum lorem. Ut est lorem, fringilla at accumsan nec, euismod at\r\nnunc. Aenean mattis sollicitudin mattis. Nullam pulvinar vestibulum bibendum.\r\nClass aptent taciti sociosqu ad litora torquent per conubia nostra, per inceptos\r\nhimenaeos. Fusce nulla purus, gravida ac interdum ut, blandit eget ex. Duis a\r\nluctus dolor.\r\n\r\nInteger auctor massa maximus nulla scelerisque accumsan. *Aliquam ac malesuada*\r\nex. Pellentesque tortor magna, vulputate eu vulputate ut, venenatis ac lectus.\r\nPraesent ut lacinia sem. Mauris a lectus eget felis mollis feugiat. Quisque\r\nefficitur, mi ut semper pulvinar, urna urna blandit massa, eget tincidunt augue\r\nnulla vitae est.\r\n\r\nUt posuere aliquet tincidunt. Aliquam erat volutpat. **Class aptent taciti**\r\nsociosqu ad litora torquent per conubia nostra, per inceptos himenaeos. Morbi\r\narcu orci, gravida eget aliquam eu, suscipit et ante. Morbi vulputate metus vel\r\nipsum finibus, ut dapibus massa feugiat. Vestibulum vel lobortis libero. Sed\r\ntincidunt tellus et viverra scelerisque. Pellentesque tincidunt cursus felis.\r\nSed in egestas erat.\r\n\r\nAliquam pulvinar interdum massa, vel ullamcorper ante consectetur eu. Vestibulum\r\nlacinia ac enim vel placerat. Integer pulvinar magna nec dui malesuada, nec\r\ncongue nisl dictum. Donec mollis nisl tortor, at congue erat consequat a. Nam\r\ntempus elit porta, blandit elit vel, viverra lorem. Sed sit amet tellus\r\ntincidunt, faucibus nisl in, aliquet libero.', '2023-07-23 16:37:23'),
(12, 1, 'Curabitur aliquam euismod dolor non ornare', 'curabitur-aliquam-euismod-dolor-non-ornare', 'Ut eleifend mauris et risus ultrices egestas. Pellentesque et sapien pulvinar consectetur. Pellentesque vitae velit ex. Urna nisl sollicitudin id varius orci quam id turpis. Eros diam egestas libero eu vulputate risus.', 'Lorem ipsum dolor sit amet consectetur adipisicing elit, sed do eiusmod tempor\r\nincididunt ut labore et **dolore magna aliqua**: Duis aute irure dolor in\r\nreprehenderit in voluptate velit esse cillum dolore eu fugiat nulla pariatur.\r\nExcepteur sint occaecat cupidatat non proident, sunt in culpa qui officia\r\ndeserunt mollit anim id est laborum.\r\n\r\n  * Ut enim ad minim veniam\r\n  * Quis nostrud exercitation *ullamco laboris*\r\n  * Nisi ut aliquip ex ea commodo consequat\r\n\r\nPraesent id fermentum lorem. Ut est lorem, fringilla at accumsan nec, euismod at\r\nnunc. Aenean mattis sollicitudin mattis. Nullam pulvinar vestibulum bibendum.\r\nClass aptent taciti sociosqu ad litora torquent per conubia nostra, per inceptos\r\nhimenaeos. Fusce nulla purus, gravida ac interdum ut, blandit eget ex. Duis a\r\nluctus dolor.\r\n\r\nInteger auctor massa maximus nulla scelerisque accumsan. *Aliquam ac malesuada*\r\nex. Pellentesque tortor magna, vulputate eu vulputate ut, venenatis ac lectus.\r\nPraesent ut lacinia sem. Mauris a lectus eget felis mollis feugiat. Quisque\r\nefficitur, mi ut semper pulvinar, urna urna blandit massa, eget tincidunt augue\r\nnulla vitae est.\r\n\r\nUt posuere aliquet tincidunt. Aliquam erat volutpat. **Class aptent taciti**\r\nsociosqu ad litora torquent per conubia nostra, per inceptos himenaeos. Morbi\r\narcu orci, gravida eget aliquam eu, suscipit et ante. Morbi vulputate metus vel\r\nipsum finibus, ut dapibus massa feugiat. Vestibulum vel lobortis libero. Sed\r\ntincidunt tellus et viverra scelerisque. Pellentesque tincidunt cursus felis.\r\nSed in egestas erat.\r\n\r\nAliquam pulvinar interdum massa, vel ullamcorper ante consectetur eu. Vestibulum\r\nlacinia ac enim vel placerat. Integer pulvinar magna nec dui malesuada, nec\r\ncongue nisl dictum. Donec mollis nisl tortor, at congue erat consequat a. Nam\r\ntempus elit porta, blandit elit vel, viverra lorem. Sed sit amet tellus\r\ntincidunt, faucibus nisl in, aliquet libero.', '2023-07-22 16:48:06'),
(13, 1, 'Sed varius a risus eget aliquam', 'sed-varius-a-risus-eget-aliquam', 'Diatrias tolerare tanquam noster caesium. In hac habitasse platea dictumst. Nulla porta lobortis ligula vel egestas. Teres talis saepe tractare de camerarius flavum sensorem. Eros diam egestas libero eu vulputate risus.', 'Lorem ipsum dolor sit amet consectetur adipisicing elit, sed do eiusmod tempor\r\nincididunt ut labore et **dolore magna aliqua**: Duis aute irure dolor in\r\nreprehenderit in voluptate velit esse cillum dolore eu fugiat nulla pariatur.\r\nExcepteur sint occaecat cupidatat non proident, sunt in culpa qui officia\r\ndeserunt mollit anim id est laborum.\r\n\r\n  * Ut enim ad minim veniam\r\n  * Quis nostrud exercitation *ullamco laboris*\r\n  * Nisi ut aliquip ex ea commodo consequat\r\n\r\nPraesent id fermentum lorem. Ut est lorem, fringilla at accumsan nec, euismod at\r\nnunc. Aenean mattis sollicitudin mattis. Nullam pulvinar vestibulum bibendum.\r\nClass aptent taciti sociosqu ad litora torquent per conubia nostra, per inceptos\r\nhimenaeos. Fusce nulla purus, gravida ac interdum ut, blandit eget ex. Duis a\r\nluctus dolor.\r\n\r\nInteger auctor massa maximus nulla scelerisque accumsan. *Aliquam ac malesuada*\r\nex. Pellentesque tortor magna, vulputate eu vulputate ut, venenatis ac lectus.\r\nPraesent ut lacinia sem. Mauris a lectus eget felis mollis feugiat. Quisque\r\nefficitur, mi ut semper pulvinar, urna urna blandit massa, eget tincidunt augue\r\nnulla vitae est.\r\n\r\nUt posuere aliquet tincidunt. Aliquam erat volutpat. **Class aptent taciti**\r\nsociosqu ad litora torquent per conubia nostra, per inceptos himenaeos. Morbi\r\narcu orci, gravida eget aliquam eu, suscipit et ante. Morbi vulputate metus vel\r\nipsum finibus, ut dapibus massa feugiat. Vestibulum vel lobortis libero. Sed\r\ntincidunt tellus et viverra scelerisque. Pellentesque tincidunt cursus felis.\r\nSed in egestas erat.\r\n\r\nAliquam pulvinar interdum massa, vel ullamcorper ante consectetur eu. Vestibulum\r\nlacinia ac enim vel placerat. Integer pulvinar magna nec dui malesuada, nec\r\ncongue nisl dictum. Donec mollis nisl tortor, at congue erat consequat a. Nam\r\ntempus elit porta, blandit elit vel, viverra lorem. Sed sit amet tellus\r\ntincidunt, faucibus nisl in, aliquet libero.', '2023-07-21 17:13:33'),
(14, 1, 'Nunc viverra elit ac laoreet suscipit', 'nunc-viverra-elit-ac-laoreet-suscipit', 'Ubi est audax amicitia. Ut suscipit posuere justo at vulputate. Lorem ipsum dolor sit amet consectetur adipiscing elit. Vae humani generis. Nulla porta lobortis ligula vel egestas. Sunt seculaes transferre talis camerarius fluctuies.', 'Lorem ipsum dolor sit amet consectetur adipisicing elit, sed do eiusmod tempor\r\nincididunt ut labore et **dolore magna aliqua**: Duis aute irure dolor in\r\nreprehenderit in voluptate velit esse cillum dolore eu fugiat nulla pariatur.\r\nExcepteur sint occaecat cupidatat non proident, sunt in culpa qui officia\r\ndeserunt mollit anim id est laborum.\r\n\r\n  * Ut enim ad minim veniam\r\n  * Quis nostrud exercitation *ullamco laboris*\r\n  * Nisi ut aliquip ex ea commodo consequat\r\n\r\nPraesent id fermentum lorem. Ut est lorem, fringilla at accumsan nec, euismod at\r\nnunc. Aenean mattis sollicitudin mattis. Nullam pulvinar vestibulum bibendum.\r\nClass aptent taciti sociosqu ad litora torquent per conubia nostra, per inceptos\r\nhimenaeos. Fusce nulla purus, gravida ac interdum ut, blandit eget ex. Duis a\r\nluctus dolor.\r\n\r\nInteger auctor massa maximus nulla scelerisque accumsan. *Aliquam ac malesuada*\r\nex. Pellentesque tortor magna, vulputate eu vulputate ut, venenatis ac lectus.\r\nPraesent ut lacinia sem. Mauris a lectus eget felis mollis feugiat. Quisque\r\nefficitur, mi ut semper pulvinar, urna urna blandit massa, eget tincidunt augue\r\nnulla vitae est.\r\n\r\nUt posuere aliquet tincidunt. Aliquam erat volutpat. **Class aptent taciti**\r\nsociosqu ad litora torquent per conubia nostra, per inceptos himenaeos. Morbi\r\narcu orci, gravida eget aliquam eu, suscipit et ante. Morbi vulputate metus vel\r\nipsum finibus, ut dapibus massa feugiat. Vestibulum vel lobortis libero. Sed\r\ntincidunt tellus et viverra scelerisque. Pellentesque tincidunt cursus felis.\r\nSed in egestas erat.\r\n\r\nAliquam pulvinar interdum massa, vel ullamcorper ante consectetur eu. Vestibulum\r\nlacinia ac enim vel placerat. Integer pulvinar magna nec dui malesuada, nec\r\ncongue nisl dictum. Donec mollis nisl tortor, at congue erat consequat a. Nam\r\ntempus elit porta, blandit elit vel, viverra lorem. Sed sit amet tellus\r\ntincidunt, faucibus nisl in, aliquet libero.', '2023-07-20 09:33:05'),
(15, 2, 'Pellentesque et sapien pulvinar consectetur', 'pellentesque-et-sapien-pulvinar-consectetur', 'Era brevis ratione est. Teres talis saepe tractare de camerarius flavum sensorem. In hac habitasse platea dictumst. Diatrias tolerare tanquam noster caesium. Nunc viverra elit ac laoreet suscipit. Sunt torquises imitari velox mirabilis medicinaes.', 'Lorem ipsum dolor sit amet consectetur adipisicing elit, sed do eiusmod tempor\r\nincididunt ut labore et **dolore magna aliqua**: Duis aute irure dolor in\r\nreprehenderit in voluptate velit esse cillum dolore eu fugiat nulla pariatur.\r\nExcepteur sint occaecat cupidatat non proident, sunt in culpa qui officia\r\ndeserunt mollit anim id est laborum.\r\n\r\n  * Ut enim ad minim veniam\r\n  * Quis nostrud exercitation *ullamco laboris*\r\n  * Nisi ut aliquip ex ea commodo consequat\r\n\r\nPraesent id fermentum lorem. Ut est lorem, fringilla at accumsan nec, euismod at\r\nnunc. Aenean mattis sollicitudin mattis. Nullam pulvinar vestibulum bibendum.\r\nClass aptent taciti sociosqu ad litora torquent per conubia nostra, per inceptos\r\nhimenaeos. Fusce nulla purus, gravida ac interdum ut, blandit eget ex. Duis a\r\nluctus dolor.\r\n\r\nInteger auctor massa maximus nulla scelerisque accumsan. *Aliquam ac malesuada*\r\nex. Pellentesque tortor magna, vulputate eu vulputate ut, venenatis ac lectus.\r\nPraesent ut lacinia sem. Mauris a lectus eget felis mollis feugiat. Quisque\r\nefficitur, mi ut semper pulvinar, urna urna blandit massa, eget tincidunt augue\r\nnulla vitae est.\r\n\r\nUt posuere aliquet tincidunt. Aliquam erat volutpat. **Class aptent taciti**\r\nsociosqu ad litora torquent per conubia nostra, per inceptos himenaeos. Morbi\r\narcu orci, gravida eget aliquam eu, suscipit et ante. Morbi vulputate metus vel\r\nipsum finibus, ut dapibus massa feugiat. Vestibulum vel lobortis libero. Sed\r\ntincidunt tellus et viverra scelerisque. Pellentesque tincidunt cursus felis.\r\nSed in egestas erat.\r\n\r\nAliquam pulvinar interdum massa, vel ullamcorper ante consectetur eu. Vestibulum\r\nlacinia ac enim vel placerat. Integer pulvinar magna nec dui malesuada, nec\r\ncongue nisl dictum. Donec mollis nisl tortor, at congue erat consequat a. Nam\r\ntempus elit porta, blandit elit vel, viverra lorem. Sed sit amet tellus\r\ntincidunt, faucibus nisl in, aliquet libero.', '2023-07-19 16:34:37'),
(16, 1, 'Ubi est barbatus nix', 'ubi-est-barbatus-nix', 'Morbi tempus commodo mattis. Ut suscipit posuere justo at vulputate. Ut eleifend mauris et risus ultrices egestas. Sunt seculaes transferre talis camerarius fluctuies. Eposs sunt solems de superbus fortis. Nulla porta lobortis ligula vel egestas.', 'Lorem ipsum dolor sit amet consectetur adipisicing elit, sed do eiusmod tempor\r\nincididunt ut labore et **dolore magna aliqua**: Duis aute irure dolor in\r\nreprehenderit in voluptate velit esse cillum dolore eu fugiat nulla pariatur.\r\nExcepteur sint occaecat cupidatat non proident, sunt in culpa qui officia\r\ndeserunt mollit anim id est laborum.\r\n\r\n  * Ut enim ad minim veniam\r\n  * Quis nostrud exercitation *ullamco laboris*\r\n  * Nisi ut aliquip ex ea commodo consequat\r\n\r\nPraesent id fermentum lorem. Ut est lorem, fringilla at accumsan nec, euismod at\r\nnunc. Aenean mattis sollicitudin mattis. Nullam pulvinar vestibulum bibendum.\r\nClass aptent taciti sociosqu ad litora torquent per conubia nostra, per inceptos\r\nhimenaeos. Fusce nulla purus, gravida ac interdum ut, blandit eget ex. Duis a\r\nluctus dolor.\r\n\r\nInteger auctor massa maximus nulla scelerisque accumsan. *Aliquam ac malesuada*\r\nex. Pellentesque tortor magna, vulputate eu vulputate ut, venenatis ac lectus.\r\nPraesent ut lacinia sem. Mauris a lectus eget felis mollis feugiat. Quisque\r\nefficitur, mi ut semper pulvinar, urna urna blandit massa, eget tincidunt augue\r\nnulla vitae est.\r\n\r\nUt posuere aliquet tincidunt. Aliquam erat volutpat. **Class aptent taciti**\r\nsociosqu ad litora torquent per conubia nostra, per inceptos himenaeos. Morbi\r\narcu orci, gravida eget aliquam eu, suscipit et ante. Morbi vulputate metus vel\r\nipsum finibus, ut dapibus massa feugiat. Vestibulum vel lobortis libero. Sed\r\ntincidunt tellus et viverra scelerisque. Pellentesque tincidunt cursus felis.\r\nSed in egestas erat.\r\n\r\nAliquam pulvinar interdum massa, vel ullamcorper ante consectetur eu. Vestibulum\r\nlacinia ac enim vel placerat. Integer pulvinar magna nec dui malesuada, nec\r\ncongue nisl dictum. Donec mollis nisl tortor, at congue erat consequat a. Nam\r\ntempus elit porta, blandit elit vel, viverra lorem. Sed sit amet tellus\r\ntincidunt, faucibus nisl in, aliquet libero.', '2023-07-18 13:31:00'),
(17, 2, 'Abnobas sunt hilotaes de placidus vita', 'abnobas-sunt-hilotaes-de-placidus-vita', 'Diatrias tolerare tanquam noster caesium. Urna nisl sollicitudin id varius orci quam id turpis. Mauris dapibus risus quis suscipit vulputate. In hac habitasse platea dictumst. Lorem ipsum dolor sit amet consectetur adipiscing elit.', 'Lorem ipsum dolor sit amet consectetur adipisicing elit, sed do eiusmod tempor\r\nincididunt ut labore et **dolore magna aliqua**: Duis aute irure dolor in\r\nreprehenderit in voluptate velit esse cillum dolore eu fugiat nulla pariatur.\r\nExcepteur sint occaecat cupidatat non proident, sunt in culpa qui officia\r\ndeserunt mollit anim id est laborum.\r\n\r\n  * Ut enim ad minim veniam\r\n  * Quis nostrud exercitation *ullamco laboris*\r\n  * Nisi ut aliquip ex ea commodo consequat\r\n\r\nPraesent id fermentum lorem. Ut est lorem, fringilla at accumsan nec, euismod at\r\nnunc. Aenean mattis sollicitudin mattis. Nullam pulvinar vestibulum bibendum.\r\nClass aptent taciti sociosqu ad litora torquent per conubia nostra, per inceptos\r\nhimenaeos. Fusce nulla purus, gravida ac interdum ut, blandit eget ex. Duis a\r\nluctus dolor.\r\n\r\nInteger auctor massa maximus nulla scelerisque accumsan. *Aliquam ac malesuada*\r\nex. Pellentesque tortor magna, vulputate eu vulputate ut, venenatis ac lectus.\r\nPraesent ut lacinia sem. Mauris a lectus eget felis mollis feugiat. Quisque\r\nefficitur, mi ut semper pulvinar, urna urna blandit massa, eget tincidunt augue\r\nnulla vitae est.\r\n\r\nUt posuere aliquet tincidunt. Aliquam erat volutpat. **Class aptent taciti**\r\nsociosqu ad litora torquent per conubia nostra, per inceptos himenaeos. Morbi\r\narcu orci, gravida eget aliquam eu, suscipit et ante. Morbi vulputate metus vel\r\nipsum finibus, ut dapibus massa feugiat. Vestibulum vel lobortis libero. Sed\r\ntincidunt tellus et viverra scelerisque. Pellentesque tincidunt cursus felis.\r\nSed in egestas erat.\r\n\r\nAliquam pulvinar interdum massa, vel ullamcorper ante consectetur eu. Vestibulum\r\nlacinia ac enim vel placerat. Integer pulvinar magna nec dui malesuada, nec\r\ncongue nisl dictum. Donec mollis nisl tortor, at congue erat consequat a. Nam\r\ntempus elit porta, blandit elit vel, viverra lorem. Sed sit amet tellus\r\ntincidunt, faucibus nisl in, aliquet libero.', '2023-07-17 13:32:11'),
(18, 2, 'Ubi est audax amicitia', 'ubi-est-audax-amicitia', 'Potus sensim ad ferox abnoba. Urna nisl sollicitudin id varius orci quam id turpis. Curabitur aliquam euismod dolor non ornare. Silva de secundus galatae demitto quadra. Bassus fatalis classiss virtualiter transferre de flavum.', 'Lorem ipsum dolor sit amet consectetur adipisicing elit, sed do eiusmod tempor\r\nincididunt ut labore et **dolore magna aliqua**: Duis aute irure dolor in\r\nreprehenderit in voluptate velit esse cillum dolore eu fugiat nulla pariatur.\r\nExcepteur sint occaecat cupidatat non proident, sunt in culpa qui officia\r\ndeserunt mollit anim id est laborum.\r\n\r\n  * Ut enim ad minim veniam\r\n  * Quis nostrud exercitation *ullamco laboris*\r\n  * Nisi ut aliquip ex ea commodo consequat\r\n\r\nPraesent id fermentum lorem. Ut est lorem, fringilla at accumsan nec, euismod at\r\nnunc. Aenean mattis sollicitudin mattis. Nullam pulvinar vestibulum bibendum.\r\nClass aptent taciti sociosqu ad litora torquent per conubia nostra, per inceptos\r\nhimenaeos. Fusce nulla purus, gravida ac interdum ut, blandit eget ex. Duis a\r\nluctus dolor.\r\n\r\nInteger auctor massa maximus nulla scelerisque accumsan. *Aliquam ac malesuada*\r\nex. Pellentesque tortor magna, vulputate eu vulputate ut, venenatis ac lectus.\r\nPraesent ut lacinia sem. Mauris a lectus eget felis mollis feugiat. Quisque\r\nefficitur, mi ut semper pulvinar, urna urna blandit massa, eget tincidunt augue\r\nnulla vitae est.\r\n\r\nUt posuere aliquet tincidunt. Aliquam erat volutpat. **Class aptent taciti**\r\nsociosqu ad litora torquent per conubia nostra, per inceptos himenaeos. Morbi\r\narcu orci, gravida eget aliquam eu, suscipit et ante. Morbi vulputate metus vel\r\nipsum finibus, ut dapibus massa feugiat. Vestibulum vel lobortis libero. Sed\r\ntincidunt tellus et viverra scelerisque. Pellentesque tincidunt cursus felis.\r\nSed in egestas erat.\r\n\r\nAliquam pulvinar interdum massa, vel ullamcorper ante consectetur eu. Vestibulum\r\nlacinia ac enim vel placerat. Integer pulvinar magna nec dui malesuada, nec\r\ncongue nisl dictum. Donec mollis nisl tortor, at congue erat consequat a. Nam\r\ntempus elit porta, blandit elit vel, viverra lorem. Sed sit amet tellus\r\ntincidunt, faucibus nisl in, aliquet libero.', '2023-07-16 10:38:40'),
(19, 2, 'Eposs sunt solems de superbus fortis', 'eposs-sunt-solems-de-superbus-fortis', 'Morbi tempus commodo mattis. Sed varius a risus eget aliquam. Sunt accentores vitare salvus flavum parses. Ut eleifend mauris et risus ultrices egestas. Silva de secundus galatae demitto quadra. Eposs sunt solems de superbus fortis.', 'Lorem ipsum dolor sit amet consectetur adipisicing elit, sed do eiusmod tempor\r\nincididunt ut labore et **dolore magna aliqua**: Duis aute irure dolor in\r\nreprehenderit in voluptate velit esse cillum dolore eu fugiat nulla pariatur.\r\nExcepteur sint occaecat cupidatat non proident, sunt in culpa qui officia\r\ndeserunt mollit anim id est laborum.\r\n\r\n  * Ut enim ad minim veniam\r\n  * Quis nostrud exercitation *ullamco laboris*\r\n  * Nisi ut aliquip ex ea commodo consequat\r\n\r\nPraesent id fermentum lorem. Ut est lorem, fringilla at accumsan nec, euismod at\r\nnunc. Aenean mattis sollicitudin mattis. Nullam pulvinar vestibulum bibendum.\r\nClass aptent taciti sociosqu ad litora torquent per conubia nostra, per inceptos\r\nhimenaeos. Fusce nulla purus, gravida ac interdum ut, blandit eget ex. Duis a\r\nluctus dolor.\r\n\r\nInteger auctor massa maximus nulla scelerisque accumsan. *Aliquam ac malesuada*\r\nex. Pellentesque tortor magna, vulputate eu vulputate ut, venenatis ac lectus.\r\nPraesent ut lacinia sem. Mauris a lectus eget felis mollis feugiat. Quisque\r\nefficitur, mi ut semper pulvinar, urna urna blandit massa, eget tincidunt augue\r\nnulla vitae est.\r\n\r\nUt posuere aliquet tincidunt. Aliquam erat volutpat. **Class aptent taciti**\r\nsociosqu ad litora torquent per conubia nostra, per inceptos himenaeos. Morbi\r\narcu orci, gravida eget aliquam eu, suscipit et ante. Morbi vulputate metus vel\r\nipsum finibus, ut dapibus massa feugiat. Vestibulum vel lobortis libero. Sed\r\ntincidunt tellus et viverra scelerisque. Pellentesque tincidunt cursus felis.\r\nSed in egestas erat.\r\n\r\nAliquam pulvinar interdum massa, vel ullamcorper ante consectetur eu. Vestibulum\r\nlacinia ac enim vel placerat. Integer pulvinar magna nec dui malesuada, nec\r\ncongue nisl dictum. Donec mollis nisl tortor, at congue erat consequat a. Nam\r\ntempus elit porta, blandit elit vel, viverra lorem. Sed sit amet tellus\r\ntincidunt, faucibus nisl in, aliquet libero.', '2023-07-15 09:15:13'),
(20, 1, 'Vae humani generis', 'vae-humani-generis', 'Sunt seculaes transferre talis camerarius fluctuies. Pellentesque vitae velit ex. Sunt accentores vitare salvus flavum parses. Morbi tempus commodo mattis. Silva de secundus galatae demitto quadra. Vae humani generis.', 'Lorem ipsum dolor sit amet consectetur adipisicing elit, sed do eiusmod tempor\r\nincididunt ut labore et **dolore magna aliqua**: Duis aute irure dolor in\r\nreprehenderit in voluptate velit esse cillum dolore eu fugiat nulla pariatur.\r\nExcepteur sint occaecat cupidatat non proident, sunt in culpa qui officia\r\ndeserunt mollit anim id est laborum.\r\n\r\n  * Ut enim ad minim veniam\r\n  * Quis nostrud exercitation *ullamco laboris*\r\n  * Nisi ut aliquip ex ea commodo consequat\r\n\r\nPraesent id fermentum lorem. Ut est lorem, fringilla at accumsan nec, euismod at\r\nnunc. Aenean mattis sollicitudin mattis. Nullam pulvinar vestibulum bibendum.\r\nClass aptent taciti sociosqu ad litora torquent per conubia nostra, per inceptos\r\nhimenaeos. Fusce nulla purus, gravida ac interdum ut, blandit eget ex. Duis a\r\nluctus dolor.\r\n\r\nInteger auctor massa maximus nulla scelerisque accumsan. *Aliquam ac malesuada*\r\nex. Pellentesque tortor magna, vulputate eu vulputate ut, venenatis ac lectus.\r\nPraesent ut lacinia sem. Mauris a lectus eget felis mollis feugiat. Quisque\r\nefficitur, mi ut semper pulvinar, urna urna blandit massa, eget tincidunt augue\r\nnulla vitae est.\r\n\r\nUt posuere aliquet tincidunt. Aliquam erat volutpat. **Class aptent taciti**\r\nsociosqu ad litora torquent per conubia nostra, per inceptos himenaeos. Morbi\r\narcu orci, gravida eget aliquam eu, suscipit et ante. Morbi vulputate metus vel\r\nipsum finibus, ut dapibus massa feugiat. Vestibulum vel lobortis libero. Sed\r\ntincidunt tellus et viverra scelerisque. Pellentesque tincidunt cursus felis.\r\nSed in egestas erat.\r\n\r\nAliquam pulvinar interdum massa, vel ullamcorper ante consectetur eu. Vestibulum\r\nlacinia ac enim vel placerat. Integer pulvinar magna nec dui malesuada, nec\r\ncongue nisl dictum. Donec mollis nisl tortor, at congue erat consequat a. Nam\r\ntempus elit porta, blandit elit vel, viverra lorem. Sed sit amet tellus\r\ntincidunt, faucibus nisl in, aliquet libero.', '2023-07-14 11:12:52'),
(21, 2, 'Diatrias tolerare tanquam noster caesium', 'diatrias-tolerare-tanquam-noster-caesium', 'Nulla porta lobortis ligula vel egestas. Sed varius a risus eget aliquam. Morbi tempus commodo mattis. Bassus fatalis classiss virtualiter transferre de flavum. Lorem ipsum dolor sit amet consectetur adipiscing elit. Eposs sunt solems de superbus fortis.', 'Lorem ipsum dolor sit amet consectetur adipisicing elit, sed do eiusmod tempor\r\nincididunt ut labore et **dolore magna aliqua**: Duis aute irure dolor in\r\nreprehenderit in voluptate velit esse cillum dolore eu fugiat nulla pariatur.\r\nExcepteur sint occaecat cupidatat non proident, sunt in culpa qui officia\r\ndeserunt mollit anim id est laborum.\r\n\r\n  * Ut enim ad minim veniam\r\n  * Quis nostrud exercitation *ullamco laboris*\r\n  * Nisi ut aliquip ex ea commodo consequat\r\n\r\nPraesent id fermentum lorem. Ut est lorem, fringilla at accumsan nec, euismod at\r\nnunc. Aenean mattis sollicitudin mattis. Nullam pulvinar vestibulum bibendum.\r\nClass aptent taciti sociosqu ad litora torquent per conubia nostra, per inceptos\r\nhimenaeos. Fusce nulla purus, gravida ac interdum ut, blandit eget ex. Duis a\r\nluctus dolor.\r\n\r\nInteger auctor massa maximus nulla scelerisque accumsan. *Aliquam ac malesuada*\r\nex. Pellentesque tortor magna, vulputate eu vulputate ut, venenatis ac lectus.\r\nPraesent ut lacinia sem. Mauris a lectus eget felis mollis feugiat. Quisque\r\nefficitur, mi ut semper pulvinar, urna urna blandit massa, eget tincidunt augue\r\nnulla vitae est.\r\n\r\nUt posuere aliquet tincidunt. Aliquam erat volutpat. **Class aptent taciti**\r\nsociosqu ad litora torquent per conubia nostra, per inceptos himenaeos. Morbi\r\narcu orci, gravida eget aliquam eu, suscipit et ante. Morbi vulputate metus vel\r\nipsum finibus, ut dapibus massa feugiat. Vestibulum vel lobortis libero. Sed\r\ntincidunt tellus et viverra scelerisque. Pellentesque tincidunt cursus felis.\r\nSed in egestas erat.\r\n\r\nAliquam pulvinar interdum massa, vel ullamcorper ante consectetur eu. Vestibulum\r\nlacinia ac enim vel placerat. Integer pulvinar magna nec dui malesuada, nec\r\ncongue nisl dictum. Donec mollis nisl tortor, at congue erat consequat a. Nam\r\ntempus elit porta, blandit elit vel, viverra lorem. Sed sit amet tellus\r\ntincidunt, faucibus nisl in, aliquet libero.', '2023-07-13 10:11:07');
INSERT INTO `symfony_demo_post` (`id`, `author_id`, `title`, `slug`, `summary`, `content`, `published_at`) VALUES
(22, 1, 'Teres talis saepe tractare de camerarius flavum sensorem', 'teres-talis-saepe-tractare-de-camerarius-flavum-sensorem', 'Abnobas sunt hilotaes de placidus vita. Aliquam sodales odio id eleifend tristique. Sunt accentores vitare salvus flavum parses. Ubi est barbatus nix. Ubi est audax amicitia. Eros diam egestas libero eu vulputate risus.', 'Lorem ipsum dolor sit amet consectetur adipisicing elit, sed do eiusmod tempor\r\nincididunt ut labore et **dolore magna aliqua**: Duis aute irure dolor in\r\nreprehenderit in voluptate velit esse cillum dolore eu fugiat nulla pariatur.\r\nExcepteur sint occaecat cupidatat non proident, sunt in culpa qui officia\r\ndeserunt mollit anim id est laborum.\r\n\r\n  * Ut enim ad minim veniam\r\n  * Quis nostrud exercitation *ullamco laboris*\r\n  * Nisi ut aliquip ex ea commodo consequat\r\n\r\nPraesent id fermentum lorem. Ut est lorem, fringilla at accumsan nec, euismod at\r\nnunc. Aenean mattis sollicitudin mattis. Nullam pulvinar vestibulum bibendum.\r\nClass aptent taciti sociosqu ad litora torquent per conubia nostra, per inceptos\r\nhimenaeos. Fusce nulla purus, gravida ac interdum ut, blandit eget ex. Duis a\r\nluctus dolor.\r\n\r\nInteger auctor massa maximus nulla scelerisque accumsan. *Aliquam ac malesuada*\r\nex. Pellentesque tortor magna, vulputate eu vulputate ut, venenatis ac lectus.\r\nPraesent ut lacinia sem. Mauris a lectus eget felis mollis feugiat. Quisque\r\nefficitur, mi ut semper pulvinar, urna urna blandit massa, eget tincidunt augue\r\nnulla vitae est.\r\n\r\nUt posuere aliquet tincidunt. Aliquam erat volutpat. **Class aptent taciti**\r\nsociosqu ad litora torquent per conubia nostra, per inceptos himenaeos. Morbi\r\narcu orci, gravida eget aliquam eu, suscipit et ante. Morbi vulputate metus vel\r\nipsum finibus, ut dapibus massa feugiat. Vestibulum vel lobortis libero. Sed\r\ntincidunt tellus et viverra scelerisque. Pellentesque tincidunt cursus felis.\r\nSed in egestas erat.\r\n\r\nAliquam pulvinar interdum massa, vel ullamcorper ante consectetur eu. Vestibulum\r\nlacinia ac enim vel placerat. Integer pulvinar magna nec dui malesuada, nec\r\ncongue nisl dictum. Donec mollis nisl tortor, at congue erat consequat a. Nam\r\ntempus elit porta, blandit elit vel, viverra lorem. Sed sit amet tellus\r\ntincidunt, faucibus nisl in, aliquet libero.', '2023-07-12 08:39:11'),
(23, 1, 'Silva de secundus galatae demitto quadra', 'silva-de-secundus-galatae-demitto-quadra', 'Sunt accentores vitare salvus flavum parses. Abnobas sunt hilotaes de placidus vita. Ubi est barbatus nix. Sed varius a risus eget aliquam. Potus sensim ad ferox abnoba. In hac habitasse platea dictumst. Aliquam sodales odio id eleifend tristique.', 'Lorem ipsum dolor sit amet consectetur adipisicing elit, sed do eiusmod tempor\r\nincididunt ut labore et **dolore magna aliqua**: Duis aute irure dolor in\r\nreprehenderit in voluptate velit esse cillum dolore eu fugiat nulla pariatur.\r\nExcepteur sint occaecat cupidatat non proident, sunt in culpa qui officia\r\ndeserunt mollit anim id est laborum.\r\n\r\n  * Ut enim ad minim veniam\r\n  * Quis nostrud exercitation *ullamco laboris*\r\n  * Nisi ut aliquip ex ea commodo consequat\r\n\r\nPraesent id fermentum lorem. Ut est lorem, fringilla at accumsan nec, euismod at\r\nnunc. Aenean mattis sollicitudin mattis. Nullam pulvinar vestibulum bibendum.\r\nClass aptent taciti sociosqu ad litora torquent per conubia nostra, per inceptos\r\nhimenaeos. Fusce nulla purus, gravida ac interdum ut, blandit eget ex. Duis a\r\nluctus dolor.\r\n\r\nInteger auctor massa maximus nulla scelerisque accumsan. *Aliquam ac malesuada*\r\nex. Pellentesque tortor magna, vulputate eu vulputate ut, venenatis ac lectus.\r\nPraesent ut lacinia sem. Mauris a lectus eget felis mollis feugiat. Quisque\r\nefficitur, mi ut semper pulvinar, urna urna blandit massa, eget tincidunt augue\r\nnulla vitae est.\r\n\r\nUt posuere aliquet tincidunt. Aliquam erat volutpat. **Class aptent taciti**\r\nsociosqu ad litora torquent per conubia nostra, per inceptos himenaeos. Morbi\r\narcu orci, gravida eget aliquam eu, suscipit et ante. Morbi vulputate metus vel\r\nipsum finibus, ut dapibus massa feugiat. Vestibulum vel lobortis libero. Sed\r\ntincidunt tellus et viverra scelerisque. Pellentesque tincidunt cursus felis.\r\nSed in egestas erat.\r\n\r\nAliquam pulvinar interdum massa, vel ullamcorper ante consectetur eu. Vestibulum\r\nlacinia ac enim vel placerat. Integer pulvinar magna nec dui malesuada, nec\r\ncongue nisl dictum. Donec mollis nisl tortor, at congue erat consequat a. Nam\r\ntempus elit porta, blandit elit vel, viverra lorem. Sed sit amet tellus\r\ntincidunt, faucibus nisl in, aliquet libero.', '2023-07-11 11:35:28'),
(24, 2, 'Sunt accentores vitare salvus flavum parses', 'sunt-accentores-vitare-salvus-flavum-parses', 'Aliquam sodales odio id eleifend tristique. Eposs sunt solems de superbus fortis. Sunt seculaes transferre talis camerarius fluctuies. Ut eleifend mauris et risus ultrices egestas. Ubi est audax amicitia. Nunc viverra elit ac laoreet suscipit.', 'Lorem ipsum dolor sit amet consectetur adipisicing elit, sed do eiusmod tempor\r\nincididunt ut labore et **dolore magna aliqua**: Duis aute irure dolor in\r\nreprehenderit in voluptate velit esse cillum dolore eu fugiat nulla pariatur.\r\nExcepteur sint occaecat cupidatat non proident, sunt in culpa qui officia\r\ndeserunt mollit anim id est laborum.\r\n\r\n  * Ut enim ad minim veniam\r\n  * Quis nostrud exercitation *ullamco laboris*\r\n  * Nisi ut aliquip ex ea commodo consequat\r\n\r\nPraesent id fermentum lorem. Ut est lorem, fringilla at accumsan nec, euismod at\r\nnunc. Aenean mattis sollicitudin mattis. Nullam pulvinar vestibulum bibendum.\r\nClass aptent taciti sociosqu ad litora torquent per conubia nostra, per inceptos\r\nhimenaeos. Fusce nulla purus, gravida ac interdum ut, blandit eget ex. Duis a\r\nluctus dolor.\r\n\r\nInteger auctor massa maximus nulla scelerisque accumsan. *Aliquam ac malesuada*\r\nex. Pellentesque tortor magna, vulputate eu vulputate ut, venenatis ac lectus.\r\nPraesent ut lacinia sem. Mauris a lectus eget felis mollis feugiat. Quisque\r\nefficitur, mi ut semper pulvinar, urna urna blandit massa, eget tincidunt augue\r\nnulla vitae est.\r\n\r\nUt posuere aliquet tincidunt. Aliquam erat volutpat. **Class aptent taciti**\r\nsociosqu ad litora torquent per conubia nostra, per inceptos himenaeos. Morbi\r\narcu orci, gravida eget aliquam eu, suscipit et ante. Morbi vulputate metus vel\r\nipsum finibus, ut dapibus massa feugiat. Vestibulum vel lobortis libero. Sed\r\ntincidunt tellus et viverra scelerisque. Pellentesque tincidunt cursus felis.\r\nSed in egestas erat.\r\n\r\nAliquam pulvinar interdum massa, vel ullamcorper ante consectetur eu. Vestibulum\r\nlacinia ac enim vel placerat. Integer pulvinar magna nec dui malesuada, nec\r\ncongue nisl dictum. Donec mollis nisl tortor, at congue erat consequat a. Nam\r\ntempus elit porta, blandit elit vel, viverra lorem. Sed sit amet tellus\r\ntincidunt, faucibus nisl in, aliquet libero.', '2023-07-10 13:42:18'),
(25, 2, 'Potus sensim ad ferox abnoba', 'potus-sensim-ad-ferox-abnoba', 'Era brevis ratione est. Potus sensim ad ferox abnoba. Diatrias tolerare tanquam noster caesium. Bassus fatalis classiss virtualiter transferre de flavum. Mineralis persuadere omnes finises desiderium. Nulla porta lobortis ligula vel egestas.', 'Lorem ipsum dolor sit amet consectetur adipisicing elit, sed do eiusmod tempor\r\nincididunt ut labore et **dolore magna aliqua**: Duis aute irure dolor in\r\nreprehenderit in voluptate velit esse cillum dolore eu fugiat nulla pariatur.\r\nExcepteur sint occaecat cupidatat non proident, sunt in culpa qui officia\r\ndeserunt mollit anim id est laborum.\r\n\r\n  * Ut enim ad minim veniam\r\n  * Quis nostrud exercitation *ullamco laboris*\r\n  * Nisi ut aliquip ex ea commodo consequat\r\n\r\nPraesent id fermentum lorem. Ut est lorem, fringilla at accumsan nec, euismod at\r\nnunc. Aenean mattis sollicitudin mattis. Nullam pulvinar vestibulum bibendum.\r\nClass aptent taciti sociosqu ad litora torquent per conubia nostra, per inceptos\r\nhimenaeos. Fusce nulla purus, gravida ac interdum ut, blandit eget ex. Duis a\r\nluctus dolor.\r\n\r\nInteger auctor massa maximus nulla scelerisque accumsan. *Aliquam ac malesuada*\r\nex. Pellentesque tortor magna, vulputate eu vulputate ut, venenatis ac lectus.\r\nPraesent ut lacinia sem. Mauris a lectus eget felis mollis feugiat. Quisque\r\nefficitur, mi ut semper pulvinar, urna urna blandit massa, eget tincidunt augue\r\nnulla vitae est.\r\n\r\nUt posuere aliquet tincidunt. Aliquam erat volutpat. **Class aptent taciti**\r\nsociosqu ad litora torquent per conubia nostra, per inceptos himenaeos. Morbi\r\narcu orci, gravida eget aliquam eu, suscipit et ante. Morbi vulputate metus vel\r\nipsum finibus, ut dapibus massa feugiat. Vestibulum vel lobortis libero. Sed\r\ntincidunt tellus et viverra scelerisque. Pellentesque tincidunt cursus felis.\r\nSed in egestas erat.\r\n\r\nAliquam pulvinar interdum massa, vel ullamcorper ante consectetur eu. Vestibulum\r\nlacinia ac enim vel placerat. Integer pulvinar magna nec dui malesuada, nec\r\ncongue nisl dictum. Donec mollis nisl tortor, at congue erat consequat a. Nam\r\ntempus elit porta, blandit elit vel, viverra lorem. Sed sit amet tellus\r\ntincidunt, faucibus nisl in, aliquet libero.', '2023-07-09 13:14:17'),
(26, 1, 'Sunt seculaes transferre talis camerarius fluctuies', 'sunt-seculaes-transferre-talis-camerarius-fluctuies', 'Ut suscipit posuere justo at vulputate. Nunc viverra elit ac laoreet suscipit. Mauris dapibus risus quis suscipit vulputate. In hac habitasse platea dictumst. Eros diam egestas libero eu vulputate risus. Eposs sunt solems de superbus fortis.', 'Lorem ipsum dolor sit amet consectetur adipisicing elit, sed do eiusmod tempor\r\nincididunt ut labore et **dolore magna aliqua**: Duis aute irure dolor in\r\nreprehenderit in voluptate velit esse cillum dolore eu fugiat nulla pariatur.\r\nExcepteur sint occaecat cupidatat non proident, sunt in culpa qui officia\r\ndeserunt mollit anim id est laborum.\r\n\r\n  * Ut enim ad minim veniam\r\n  * Quis nostrud exercitation *ullamco laboris*\r\n  * Nisi ut aliquip ex ea commodo consequat\r\n\r\nPraesent id fermentum lorem. Ut est lorem, fringilla at accumsan nec, euismod at\r\nnunc. Aenean mattis sollicitudin mattis. Nullam pulvinar vestibulum bibendum.\r\nClass aptent taciti sociosqu ad litora torquent per conubia nostra, per inceptos\r\nhimenaeos. Fusce nulla purus, gravida ac interdum ut, blandit eget ex. Duis a\r\nluctus dolor.\r\n\r\nInteger auctor massa maximus nulla scelerisque accumsan. *Aliquam ac malesuada*\r\nex. Pellentesque tortor magna, vulputate eu vulputate ut, venenatis ac lectus.\r\nPraesent ut lacinia sem. Mauris a lectus eget felis mollis feugiat. Quisque\r\nefficitur, mi ut semper pulvinar, urna urna blandit massa, eget tincidunt augue\r\nnulla vitae est.\r\n\r\nUt posuere aliquet tincidunt. Aliquam erat volutpat. **Class aptent taciti**\r\nsociosqu ad litora torquent per conubia nostra, per inceptos himenaeos. Morbi\r\narcu orci, gravida eget aliquam eu, suscipit et ante. Morbi vulputate metus vel\r\nipsum finibus, ut dapibus massa feugiat. Vestibulum vel lobortis libero. Sed\r\ntincidunt tellus et viverra scelerisque. Pellentesque tincidunt cursus felis.\r\nSed in egestas erat.\r\n\r\nAliquam pulvinar interdum massa, vel ullamcorper ante consectetur eu. Vestibulum\r\nlacinia ac enim vel placerat. Integer pulvinar magna nec dui malesuada, nec\r\ncongue nisl dictum. Donec mollis nisl tortor, at congue erat consequat a. Nam\r\ntempus elit porta, blandit elit vel, viverra lorem. Sed sit amet tellus\r\ntincidunt, faucibus nisl in, aliquet libero.', '2023-07-08 17:38:23'),
(27, 1, 'Era brevis ratione est', 'era-brevis-ratione-est', 'In hac habitasse platea dictumst. Bassus fatalis classiss virtualiter transferre de flavum. Abnobas sunt hilotaes de placidus vita. Sed varius a risus eget aliquam. Potus sensim ad ferox abnoba. Mauris dapibus risus quis suscipit vulputate.', 'Lorem ipsum dolor sit amet consectetur adipisicing elit, sed do eiusmod tempor\r\nincididunt ut labore et **dolore magna aliqua**: Duis aute irure dolor in\r\nreprehenderit in voluptate velit esse cillum dolore eu fugiat nulla pariatur.\r\nExcepteur sint occaecat cupidatat non proident, sunt in culpa qui officia\r\ndeserunt mollit anim id est laborum.\r\n\r\n  * Ut enim ad minim veniam\r\n  * Quis nostrud exercitation *ullamco laboris*\r\n  * Nisi ut aliquip ex ea commodo consequat\r\n\r\nPraesent id fermentum lorem. Ut est lorem, fringilla at accumsan nec, euismod at\r\nnunc. Aenean mattis sollicitudin mattis. Nullam pulvinar vestibulum bibendum.\r\nClass aptent taciti sociosqu ad litora torquent per conubia nostra, per inceptos\r\nhimenaeos. Fusce nulla purus, gravida ac interdum ut, blandit eget ex. Duis a\r\nluctus dolor.\r\n\r\nInteger auctor massa maximus nulla scelerisque accumsan. *Aliquam ac malesuada*\r\nex. Pellentesque tortor magna, vulputate eu vulputate ut, venenatis ac lectus.\r\nPraesent ut lacinia sem. Mauris a lectus eget felis mollis feugiat. Quisque\r\nefficitur, mi ut semper pulvinar, urna urna blandit massa, eget tincidunt augue\r\nnulla vitae est.\r\n\r\nUt posuere aliquet tincidunt. Aliquam erat volutpat. **Class aptent taciti**\r\nsociosqu ad litora torquent per conubia nostra, per inceptos himenaeos. Morbi\r\narcu orci, gravida eget aliquam eu, suscipit et ante. Morbi vulputate metus vel\r\nipsum finibus, ut dapibus massa feugiat. Vestibulum vel lobortis libero. Sed\r\ntincidunt tellus et viverra scelerisque. Pellentesque tincidunt cursus felis.\r\nSed in egestas erat.\r\n\r\nAliquam pulvinar interdum massa, vel ullamcorper ante consectetur eu. Vestibulum\r\nlacinia ac enim vel placerat. Integer pulvinar magna nec dui malesuada, nec\r\ncongue nisl dictum. Donec mollis nisl tortor, at congue erat consequat a. Nam\r\ntempus elit porta, blandit elit vel, viverra lorem. Sed sit amet tellus\r\ntincidunt, faucibus nisl in, aliquet libero.', '2023-07-07 10:29:45'),
(28, 2, 'Sunt torquises imitari velox mirabilis medicinaes', 'sunt-torquises-imitari-velox-mirabilis-medicinaes', 'Sunt torquises imitari velox mirabilis medicinaes. Aliquam sodales odio id eleifend tristique. Vae humani generis. Eros diam egestas libero eu vulputate risus. Lorem ipsum dolor sit amet consectetur adipiscing elit.', 'Lorem ipsum dolor sit amet consectetur adipisicing elit, sed do eiusmod tempor\r\nincididunt ut labore et **dolore magna aliqua**: Duis aute irure dolor in\r\nreprehenderit in voluptate velit esse cillum dolore eu fugiat nulla pariatur.\r\nExcepteur sint occaecat cupidatat non proident, sunt in culpa qui officia\r\ndeserunt mollit anim id est laborum.\r\n\r\n  * Ut enim ad minim veniam\r\n  * Quis nostrud exercitation *ullamco laboris*\r\n  * Nisi ut aliquip ex ea commodo consequat\r\n\r\nPraesent id fermentum lorem. Ut est lorem, fringilla at accumsan nec, euismod at\r\nnunc. Aenean mattis sollicitudin mattis. Nullam pulvinar vestibulum bibendum.\r\nClass aptent taciti sociosqu ad litora torquent per conubia nostra, per inceptos\r\nhimenaeos. Fusce nulla purus, gravida ac interdum ut, blandit eget ex. Duis a\r\nluctus dolor.\r\n\r\nInteger auctor massa maximus nulla scelerisque accumsan. *Aliquam ac malesuada*\r\nex. Pellentesque tortor magna, vulputate eu vulputate ut, venenatis ac lectus.\r\nPraesent ut lacinia sem. Mauris a lectus eget felis mollis feugiat. Quisque\r\nefficitur, mi ut semper pulvinar, urna urna blandit massa, eget tincidunt augue\r\nnulla vitae est.\r\n\r\nUt posuere aliquet tincidunt. Aliquam erat volutpat. **Class aptent taciti**\r\nsociosqu ad litora torquent per conubia nostra, per inceptos himenaeos. Morbi\r\narcu orci, gravida eget aliquam eu, suscipit et ante. Morbi vulputate metus vel\r\nipsum finibus, ut dapibus massa feugiat. Vestibulum vel lobortis libero. Sed\r\ntincidunt tellus et viverra scelerisque. Pellentesque tincidunt cursus felis.\r\nSed in egestas erat.\r\n\r\nAliquam pulvinar interdum massa, vel ullamcorper ante consectetur eu. Vestibulum\r\nlacinia ac enim vel placerat. Integer pulvinar magna nec dui malesuada, nec\r\ncongue nisl dictum. Donec mollis nisl tortor, at congue erat consequat a. Nam\r\ntempus elit porta, blandit elit vel, viverra lorem. Sed sit amet tellus\r\ntincidunt, faucibus nisl in, aliquet libero.', '2023-07-06 16:41:34'),
(29, 2, 'Mineralis persuadere omnes finises desiderium', 'mineralis-persuadere-omnes-finises-desiderium', 'Eposs sunt solems de superbus fortis. Diatrias tolerare tanquam noster caesium. Pellentesque et sapien pulvinar consectetur. Potus sensim ad ferox abnoba. Lorem ipsum dolor sit amet consectetur adipiscing elit.', 'Lorem ipsum dolor sit amet consectetur adipisicing elit, sed do eiusmod tempor\r\nincididunt ut labore et **dolore magna aliqua**: Duis aute irure dolor in\r\nreprehenderit in voluptate velit esse cillum dolore eu fugiat nulla pariatur.\r\nExcepteur sint occaecat cupidatat non proident, sunt in culpa qui officia\r\ndeserunt mollit anim id est laborum.\r\n\r\n  * Ut enim ad minim veniam\r\n  * Quis nostrud exercitation *ullamco laboris*\r\n  * Nisi ut aliquip ex ea commodo consequat\r\n\r\nPraesent id fermentum lorem. Ut est lorem, fringilla at accumsan nec, euismod at\r\nnunc. Aenean mattis sollicitudin mattis. Nullam pulvinar vestibulum bibendum.\r\nClass aptent taciti sociosqu ad litora torquent per conubia nostra, per inceptos\r\nhimenaeos. Fusce nulla purus, gravida ac interdum ut, blandit eget ex. Duis a\r\nluctus dolor.\r\n\r\nInteger auctor massa maximus nulla scelerisque accumsan. *Aliquam ac malesuada*\r\nex. Pellentesque tortor magna, vulputate eu vulputate ut, venenatis ac lectus.\r\nPraesent ut lacinia sem. Mauris a lectus eget felis mollis feugiat. Quisque\r\nefficitur, mi ut semper pulvinar, urna urna blandit massa, eget tincidunt augue\r\nnulla vitae est.\r\n\r\nUt posuere aliquet tincidunt. Aliquam erat volutpat. **Class aptent taciti**\r\nsociosqu ad litora torquent per conubia nostra, per inceptos himenaeos. Morbi\r\narcu orci, gravida eget aliquam eu, suscipit et ante. Morbi vulputate metus vel\r\nipsum finibus, ut dapibus massa feugiat. Vestibulum vel lobortis libero. Sed\r\ntincidunt tellus et viverra scelerisque. Pellentesque tincidunt cursus felis.\r\nSed in egestas erat.\r\n\r\nAliquam pulvinar interdum massa, vel ullamcorper ante consectetur eu. Vestibulum\r\nlacinia ac enim vel placerat. Integer pulvinar magna nec dui malesuada, nec\r\ncongue nisl dictum. Donec mollis nisl tortor, at congue erat consequat a. Nam\r\ntempus elit porta, blandit elit vel, viverra lorem. Sed sit amet tellus\r\ntincidunt, faucibus nisl in, aliquet libero.', '2023-07-05 11:47:52'),
(30, 1, 'Bassus fatalis classiss virtualiter transferre de flavum', 'bassus-fatalis-classiss-virtualiter-transferre-de-flavum', 'Vae humani generis. In hac habitasse platea dictumst. Pellentesque et sapien pulvinar consectetur. Bassus fatalis classiss virtualiter transferre de flavum. Nunc viverra elit ac laoreet suscipit. Silva de secundus galatae demitto quadra.', 'Lorem ipsum dolor sit amet consectetur adipisicing elit, sed do eiusmod tempor\r\nincididunt ut labore et **dolore magna aliqua**: Duis aute irure dolor in\r\nreprehenderit in voluptate velit esse cillum dolore eu fugiat nulla pariatur.\r\nExcepteur sint occaecat cupidatat non proident, sunt in culpa qui officia\r\ndeserunt mollit anim id est laborum.\r\n\r\n  * Ut enim ad minim veniam\r\n  * Quis nostrud exercitation *ullamco laboris*\r\n  * Nisi ut aliquip ex ea commodo consequat\r\n\r\nPraesent id fermentum lorem. Ut est lorem, fringilla at accumsan nec, euismod at\r\nnunc. Aenean mattis sollicitudin mattis. Nullam pulvinar vestibulum bibendum.\r\nClass aptent taciti sociosqu ad litora torquent per conubia nostra, per inceptos\r\nhimenaeos. Fusce nulla purus, gravida ac interdum ut, blandit eget ex. Duis a\r\nluctus dolor.\r\n\r\nInteger auctor massa maximus nulla scelerisque accumsan. *Aliquam ac malesuada*\r\nex. Pellentesque tortor magna, vulputate eu vulputate ut, venenatis ac lectus.\r\nPraesent ut lacinia sem. Mauris a lectus eget felis mollis feugiat. Quisque\r\nefficitur, mi ut semper pulvinar, urna urna blandit massa, eget tincidunt augue\r\nnulla vitae est.\r\n\r\nUt posuere aliquet tincidunt. Aliquam erat volutpat. **Class aptent taciti**\r\nsociosqu ad litora torquent per conubia nostra, per inceptos himenaeos. Morbi\r\narcu orci, gravida eget aliquam eu, suscipit et ante. Morbi vulputate metus vel\r\nipsum finibus, ut dapibus massa feugiat. Vestibulum vel lobortis libero. Sed\r\ntincidunt tellus et viverra scelerisque. Pellentesque tincidunt cursus felis.\r\nSed in egestas erat.\r\n\r\nAliquam pulvinar interdum massa, vel ullamcorper ante consectetur eu. Vestibulum\r\nlacinia ac enim vel placerat. Integer pulvinar magna nec dui malesuada, nec\r\ncongue nisl dictum. Donec mollis nisl tortor, at congue erat consequat a. Nam\r\ntempus elit porta, blandit elit vel, viverra lorem. Sed sit amet tellus\r\ntincidunt, faucibus nisl in, aliquet libero.', '2023-07-04 16:32:00');


CREATE TABLE `symfony_demo_post_tag` (
  `post_id` int(11) NOT NULL,
  `tag_id` int(11) NOT NULL
) ENGINE=InnoDB DEFAULT CHARSET=utf8mb4 COLLATE=utf8mb4_general_ci;


INSERT INTO `symfony_demo_post_tag` (`post_id`, `tag_id`) VALUES
(1, 2),
(1, 3),
(2, 2),
(2, 6),
(2, 7),
(2, 9),
(3, 1),
(3, 2),
(4, 4),
(4, 5),
(5, 1),
(5, 7),
(6, 3),
(6, 8),
(7, 2),
(7, 7),
(7, 8),
(7, 9),
(8, 1),
(8, 2),
(8, 6),
(9, 1),
(9, 4),
(9, 8),
(10, 3),
(10, 4),
(10, 5),
(10, 8),
(11, 2),
(11, 7),
(11, 8),
(12, 3),
(12, 4),
(12, 5),
(12, 7),
(13, 1),
(13, 4),
(13, 6),
(14, 2),
(14, 4),
(14, 6),
(14, 7),
(15, 1),
(15, 4),
(15, 6),
(16, 1),
(16, 5),
(16, 6),
(17, 4),
(17, 8),
(17, 9),
(18, 2),
(18, 3),
(18, 8),
(18, 9),
(19, 1),
(19, 5),
(20, 2),
(20, 4),
(20, 9),
(21, 1),
(21, 6),
(21, 7),
(21, 8),
(22, 1),
(22, 5),
(22, 7),
(22, 8),
(23, 5),
(23, 6),
(23, 7),
(24, 1),
(24, 2),
(24, 8),
(24, 9),
(25, 1),
(25, 3),
(26, 1),
(26, 2),
(26, 4),
(26, 6),
(27, 2),
(27, 3),
(27, 6),
(27, 8),
(28, 2),
(28, 3),
(28, 6),
(29, 5),
(29, 8),
(29, 9),
(30, 6),
(30, 7),
(30, 9);


CREATE TABLE `symfony_demo_tag` (
  `id` int(11) NOT NULL,
  `name` varchar(255) NOT NULL
) ENGINE=InnoDB DEFAULT CHARSET=utf8mb4 COLLATE=utf8mb4_general_ci;


INSERT INTO `symfony_demo_tag` (`id`, `name`) VALUES
(4, 'adipiscing'),
(3, 'consectetur'),
(8, 'dolore'),
(5, 'incididunt'),
(2, 'ipsum'),
(6, 'labore'),
(1, 'lorem'),
(9, 'pariatur'),
(7, 'voluptate');


CREATE TABLE `symfony_demo_user` (
  `id` int(11) NOT NULL,
  `full_name` varchar(255) NOT NULL,
  `username` varchar(255) NOT NULL,
  `email` varchar(255) NOT NULL,
  `password` varchar(255) NOT NULL,
  `roles` longtext NOT NULL CHECK (json_valid(`roles`)),
  `pricing_plan` varchar(10) NOT NULL DEFAULT 'default'
) ENGINE=InnoDB DEFAULT CHARSET=utf8mb4 COLLATE=utf8mb4_general_ci;

INSERT INTO `symfony_demo_user` (`id`, `full_name`, `username`, `email`, `password`, `roles`, `pricing_plan`) VALUES
(1, 'Jane Doe', 'jane_admin', 'jane_admin@symfony.com', '$2y$13$9X02bHNr9aij9uBsflcYH.SQBs3RiidqteSzBbcNpWD5hl7kc8YDe', '[\"ROLE_ADMIN\"]', 'default'),
(2, 'Tom Doe', 'tom_admin', 'tom_admin@symfony.com', '$2y$13$/w2.NffOWi55ze8zBglQO.6cH1ZwoMz1RujIrvFw.SQMPKXGQb62e', '[\"ROLE_ADMIN\"]', 'default'),
(3, 'John Doe', 'john_user', 'john_user@symfony.com', '$2y$13$DYJ1gN9hn1A0ylUcZr2eLu7tTHqZx7cKT8S2x3G27SDN4rioJkSdC', '[\"ROLE_USER\"]', 'default');

ALTER TABLE `doctrine_migration_versions`
  ADD PRIMARY KEY (`version`);


ALTER TABLE `symfony_demo_comment`
  ADD PRIMARY KEY (`id`),
  ADD KEY `IDX_53AD8F834B89032C` (`post_id`),
  ADD KEY `IDX_53AD8F83F675F31B` (`author_id`);

ALTER TABLE `symfony_demo_post`
  ADD PRIMARY KEY (`id`),
  ADD KEY `IDX_58A92E65F675F31B` (`author_id`);

ALTER TABLE `symfony_demo_post_tag`
  ADD PRIMARY KEY (`post_id`,`tag_id`),
  ADD KEY `IDX_6ABC1CC44B89032C` (`post_id`),
  ADD KEY `IDX_6ABC1CC4BAD26311` (`tag_id`);

ALTER TABLE `symfony_demo_tag`
  ADD PRIMARY KEY (`id`),
  ADD UNIQUE KEY `UNIQ_4D5855405E237E06` (`name`);

ALTER TABLE `symfony_demo_user`
  ADD PRIMARY KEY (`id`),
  ADD UNIQUE KEY `UNIQ_8FB094A1F85E0677` (`username`),
  ADD UNIQUE KEY `UNIQ_8FB094A1E7927C74` (`email`);

ALTER TABLE `symfony_demo_comment`
  MODIFY `id` int(11) NOT NULL AUTO_INCREMENT, AUTO_INCREMENT=151;


ALTER TABLE `symfony_demo_post`
  MODIFY `id` int(11) NOT NULL AUTO_INCREMENT, AUTO_INCREMENT=31;


ALTER TABLE `symfony_demo_tag`
  MODIFY `id` int(11) NOT NULL AUTO_INCREMENT, AUTO_INCREMENT=10;


ALTER TABLE `symfony_demo_user`
  MODIFY `id` int(11) NOT NULL AUTO_INCREMENT, AUTO_INCREMENT=4;

ALTER TABLE `symfony_demo_comment`
  ADD CONSTRAINT `FK_53AD8F834B89032C` FOREIGN KEY (`post_id`) REFERENCES `symfony_demo_post` (`id`),
  ADD CONSTRAINT `FK_53AD8F83F675F31B` FOREIGN KEY (`author_id`) REFERENCES `symfony_demo_user` (`id`);

ALTER TABLE `symfony_demo_post`
  ADD CONSTRAINT `FK_58A92E65F675F31B` FOREIGN KEY (`author_id`) REFERENCES `symfony_demo_user` (`id`);

ALTER TABLE `symfony_demo_post_tag`
  ADD CONSTRAINT `FK_6ABC1CC44B89032C` FOREIGN KEY (`post_id`) REFERENCES `symfony_demo_post` (`id`) ON DELETE CASCADE,
  ADD CONSTRAINT `FK_6ABC1CC4BAD26311` FOREIGN KEY (`tag_id`) REFERENCES `symfony_demo_tag` (`id`) ON DELETE CASCADE;
COMMIT;
